project,type,category,support
jfreechart,name,MT,0.8571428571428571
jfreechart,body,MT,0.8571428571428571
jfreechart,name,MT,0.8571428571428571
jfreechart,body,MT,0.5714285714285714
jfreechart,name,MT,0.9917355371900827
jfreechart,body,MT,0.9834710743801653
jfreechart,name,MT,0.5333333333333333
jfreechart,body,ER,0.6
jfreechart,body,CR,0.7073170731707317
jfreechart,body,CR,0.7560975609756098
jfreechart,body,MT,0.9
jfreechart,name,MT,0.9
jfreechart,body,MT,1.0
jfreechart,name,MT,0.5333333333333333
jfreechart,name,MT,0.9917355371900827
jfreechart,body,MT,0.9834710743801653
jfreechart,name,MT,1.0
jfreechart,name,MT,1.0
jfreechart,body,MT,1.0
jfreechart,body,MT,1.0
jfreechart,body,CR,0.6666666666666666
jfreechart,body,CR,0.6666666666666666
jfreechart,body,CR,0.6666666666666666
jfreechart,name,MT,0.6666666666666666
jfreechart,name,CR,0.6666666666666666
jfreechart,name,CR,0.6666666666666666
jfreechart,body,CR,0.6666666666666666
jfreechart,name,CR,0.6666666666666666
jfreechart,name,MT,1.0
jfreechart,name,MT,1.0
jfreechart,name,MT,1.0
jfreechart,body,MT,1.0
jfreechart,body,MT,1.0
jfreechart,body,MT,1.0
jfreechart,body,MT,0.9834710743801653
jfreechart,name,MT,0.9917355371900827
jfreechart,body,MT,0.5555555555555556
jfreechart,name,MT,0.5555555555555556
jfreechart,body,MT,0.8571428571428571
jfreechart,body,MT,0.5714285714285714
jfreechart,name,MT,0.5555555555555556
jfreechart,body,MT,0.5555555555555556
jfreechart,body,MT,0.9834710743801653
jfreechart,name,CR,0.9917355371900827
jfreechart,body,MT,0.75
jfreechart,name,MT,0.75
jfreechart,name,MT,0.8571428571428571
jfreechart,body,MT,0.8571428571428571
jfreechart,body,CR,0.6666666666666666
jfreechart,name,MT,0.5333333333333333
jfreechart,body,MT,1.0
jfreechart,name,MT,0.5555555555555556
jfreechart,body,MT,0.5555555555555556
jfreechart,name,MT,1.0
jfreechart,body,MT,0.75
jfreechart,name,MT,1.0
jfreechart,name,MT,0.5714285714285714
jfreechart,body,MT,0.5714285714285714
jfreechart,body,ER,0.5555555555555556
jfreechart,body,ER,0.5555555555555556
jfreechart,body,CR,0.7073170731707317
jfreechart,body,CR,0.7560975609756098
jfreechart,body,CR,0.7560975609756098
jfreechart,body,CR,0.7073170731707317
jfreechart,name,CR,0.9024390243902439
jfreechart,name,MT,0.5714285714285714
jfreechart,body,MT,0.5714285714285714
jfreechart,name,MT,1.0
jfreechart,body,MT,1.0
jfreechart,name,MT,1.0
jfreechart,body,MT,1.0
jfreechart,body,MT,1.0
jfreechart,body,MT,1.0
jfreechart,name,MT,1.0
jfreechart,name,MT,1.0
jfreechart,name,MT,1.0
jfreechart,body,MT,0.8571428571428571
jfreechart,body,MT,0.5714285714285714
jfreechart,name,ER,0.5333333333333333
jfreechart,body,MT,1.0
jfreechart,name,MT,1.0
jfreechart,name,MT,1.0
jfreechart,name,CR,0.7142857142857143
jfreechart,name,MT,0.75
jfreechart,body,MT,0.8888888888888888
jfreechart,body,MT,1.0
jfreechart,name,MT,1.0
jfreechart,name,MT,0.8888888888888888
jfreechart,name,MT,1.0
jfreechart,name,MT,0.8571428571428571
jfreechart,body,MT,0.8571428571428571
jfreechart,body,MT,0.75
jfreechart,name,MT,0.75
jfreechart,body,ER,0.5555555555555556
jfreechart,body,ER,0.5555555555555556
jfreechart,name,MT,0.5333333333333333
jfreechart,name,MT,1.0
jfreechart,body,MT,1.0
jfreechart,name,MT,0.5333333333333333
jfreechart,body,MT,1.0
jfreechart,name,ER,0.5333333333333333
jfreechart,body,MT,1.0
jfreechart,body,MT,0.5714285714285714
jfreechart,name,MT,0.8571428571428571
jfreechart,body,MT,0.8571428571428571
jfreechart,name,MT,0.8571428571428571
jfreechart,name,MT,0.6666666666666666
jfreechart,body,CR,0.7560975609756098
jfreechart,body,CR,0.7073170731707317
jfreechart,name,MT,1.0
jfreechart,name,MT,0.9917355371900827
jfreechart,body,MT,0.9834710743801653
jfreechart,name,MT,0.8571428571428571
jfreechart,name,MT,0.8888888888888888
jfreechart,name,MT,0.8571428571428571
jfreechart,body,MT,1.0
jfreechart,name,ER,0.5333333333333333
jfreechart,body,MT,1.0
jfreechart,name,MT,1.0
jfreechart,name,CR,0.5714285714285714
jfreechart,body,MT,0.8571428571428571
jfreechart,body,MT,0.75
jfreechart,name,MT,0.9917355371900827
jfreechart,body,MT,0.9834710743801653
jfreechart,body,MT,1.0
jfreechart,name,MT,1.0
jfreechart,name,CR,0.6666666666666666
jfreechart,name,MT,0.6666666666666666
jfreechart,name,CR,0.75
jfreechart,name,MT,0.8571428571428571
jfreechart,name,MT,0.6666666666666666
jfreechart,body,MT,1.0
jfreechart,name,ER,0.5333333333333333
jfreechart,body,CR,0.7560975609756098
jfreechart,body,CR,0.7073170731707317
jfreechart,body,MT,0.75
jfreechart,name,MT,0.75
jfreechart,body,MT,1.0
jfreechart,name,MT,1.0
jfreechart,body,CR,0.6666666666666666
jfreechart,name,MT,1.0
jfreechart,body,MT,1.0
jfreechart,name,MT,1.0
jfreechart,body,MT,0.75
jfreechart,name,MT,0.9024390243902439
jfreechart,name,MT,1.0
jfreechart,name,MT,1.0
jfreechart,body,MT,0.7073170731707317
jfreechart,body,MT,0.926829268292683
jfreechart,body,MT,1.0
jfreechart,body,MT,0.7560975609756098
jfreechart,name,MT,0.8571428571428571
jfreechart,body,CR,0.6666666666666666
jfreechart,body,CR,0.6666666666666666
jfreechart,body,ER,0.5555555555555556
jfreechart,body,MT,0.9834710743801653
jfreechart,name,MT,0.9917355371900827
jfreechart,body,MT,1.0
jfreechart,name,MT,0.5333333333333333
jfreechart,name,MT,0.6666666666666666
jfreechart,body,MT,0.9834710743801653
jfreechart,name,MT,0.9917355371900827
jfreechart,body,MT,1.0
jfreechart,name,MT,1.0
jfreechart,body,MT,0.8571428571428571
jfreechart,name,MT,0.9917355371900827
jfreechart,body,MT,0.9834710743801653
jfreechart,name,MT,1.0
jfreechart,name,MT,0.8571428571428571
jfreechart,name,MT,0.9917355371900827
jfreechart,body,MT,0.9834710743801653
jfreechart,name,MT,0.8571428571428571
jfreechart,name,MT,1.0
jfreechart,body,MT,1.0
jfreechart,name,MT,0.75
jfreechart,body,MT,0.75
jfreechart,body,MT,0.5714285714285714
jfreechart,body,ER,0.5555555555555556
jfreechart,body,ER,0.5555555555555556
jfreechart,name,MT,0.8571428571428571
jfreechart,body,MT,0.5714285714285714
jfreechart,body,CR,0.7560975609756098
jfreechart,body,CR,0.7073170731707317
jfreechart,name,MT,0.5333333333333333
jfreechart,name,MT,1.0
jfreechart,body,MT,1.0
jfreechart,body,ER,0.7777777777777778
jfreechart,name,ER,0.7777777777777778
jfreechart,body,MT,1.0
jfreechart,body,MT,1.0
jfreechart,name,MT,1.0
jfreechart,name,MT,1.0
jfreechart,name,MT,0.8571428571428571
jfreechart,name,MT,0.6666666666666666
jfreechart,name,MT,0.8571428571428571
jfreechart,body,MT,0.9834710743801653
jfreechart,name,MT,0.9917355371900827
jfreechart,name,MT,0.5714285714285714
jfreechart,name,MT,0.9917355371900827
jfreechart,body,MT,0.9834710743801653
jfreechart,name,MT,0.6666666666666666
jfreechart,name,MT,0.8571428571428571
jfreechart,body,CR,0.7073170731707317
jfreechart,body,CR,0.7560975609756098
jfreechart,name,MT,0.8571428571428571
jfreechart,body,ER,0.5555555555555556
jfreechart,body,ER,0.6666666666666666
jfreechart,name,MT,1.0
jfreechart,body,MT,0.75
jfreechart,body,ER,0.6666666666666666
jfreechart,body,ER,0.5555555555555556
jfreechart,body,MT,0.5714285714285714
jfreechart,name,MT,0.9917355371900827
jfreechart,body,MT,0.9834710743801653
jfreechart,name,ER,0.5333333333333333
jfreechart,body,MT,1.0
jfreechart,body,MT,1.0
jfreechart,name,MT,1.0
jfreechart,name,MT,1.0
jfreechart,name,MT,0.5333333333333333
jfreechart,body,MT,1.0
jfreechart,body,MT,1.0
jfreechart,body,MT,1.0
jfreechart,name,MT,1.0
jfreechart,name,MT,1.0
jfreechart,name,MT,1.0
jfreechart,name,MT,0.7142857142857143
jfreechart,body,MT,0.8571428571428571
jfreechart,body,MT,0.5714285714285714
jfreechart,body,MT,0.75
jfreechart,name,MT,0.8571428571428571
jfreechart,body,MT,0.6
jfreechart,name,CR,0.6666666666666666
jfreechart,name,ER,0.5333333333333333
jfreechart,body,MT,1.0
jfreechart,name,MT,1.0
jfreechart,name,MT,1.0
jfreechart,body,MT,1.0
jfreechart,body,MT,1.0
jfreechart,body,MT,0.9834710743801653
jfreechart,name,MT,0.8571428571428571
jfreechart,name,CR,0.6666666666666666
jfreechart,name,MT,0.8571428571428571
jfreechart,name,MT,1.0
jfreechart,body,MT,0.75
jfreechart,name,MT,1.0
jfreechart,body,MT,1.0
jfreechart,name,MT,0.8571428571428571
jfreechart,name,MT,0.8571428571428571
jfreechart,body,MT,0.8571428571428571
jfreechart,body,MT,0.9
jfreechart,body,ER,0.6
jfreechart,name,MT,0.9
jfreechart,body,MT,0.75
jfreechart,name,MT,0.75
jfreechart,body,MT,0.75
jfreechart,name,MT,0.75
jfreechart,name,MT,0.7142857142857143
jfreechart,name,MT,0.8571428571428571
jfreechart,name,MT,1.0
jfreechart,body,MT,1.0
jfreechart,name,MT,1.0
jfreechart,name,MT,0.7142857142857143
jfreechart,body,MT,0.5714285714285714
jfreechart,body,MT,0.8571428571428571
jfreechart,name,MT,0.8571428571428571
jfreechart,name,MT,0.5555555555555556
jfreechart,body,MT,0.5555555555555556
jfreechart,name,MT,1.0
jfreechart,name,MT,0.6666666666666666
jfreechart,body,CR,0.7073170731707317
jfreechart,body,MT,0.875
jfreechart,name,MT,0.7142857142857143
jfreechart,body,MT,0.5714285714285714
jfreechart,body,MT,0.8571428571428571
jfreechart,body,ER,0.6
jfreechart,body,CR,0.8888888888888888
jfreechart,name,MT,0.75
jfreechart,body,MT,0.75
jfreechart,body,CR,0.7073170731707317
jfreechart,name,MT,1.0
jfreechart,body,MT,0.75
jfreechart,body,MT,0.75
jfreechart,name,MT,0.75
jfreechart,name,ER,0.75
jfreechart,body,ER,0.75
jfreechart,body,MT,1.0
jfreechart,name,MT,1.0
jfreechart,body,MT,0.5714285714285714
jfreechart,name,MT,0.9411764705882353
jfreechart,body,MT,0.9411764705882353
jfreechart,name,MT,0.5333333333333333
jfreechart,name,MT,1.0
jfreechart,body,MT,1.0
jfreechart,body,ER,0.7777777777777778
jfreechart,body,MT,1.0
jfreechart,name,ER,0.7777777777777778
jfreechart,name,MT,1.0
jfreechart,name,MT,0.8888888888888888
jfreechart,name,MT,1.0
jfreechart,name,ER,0.7777777777777778
jfreechart,name,MT,0.8888888888888888
jfreechart,body,ER,0.7777777777777778
jfreechart,name,MT,1.0
jfreechart,body,ER,0.75
jfreechart,name,ER,0.75
jfreechart,name,MT,1.0
jfreechart,body,MT,0.8571428571428571
jfreechart,name,MT,0.8571428571428571
jfreechart,name,MT,0.5333333333333333
jfreechart,body,MT,0.6666666666666666
jfreechart,body,CR,0.6666666666666666
jfreechart,body,CR,0.6666666666666666
jfreechart,name,MT,1.0
jfreechart,body,MT,1.0
jfreechart,body,MT,1.0
jfreechart,name,ER,0.5333333333333333
jfreechart,name,CR,0.5333333333333333
jfreechart,name,MT,0.8571428571428571
jfreechart,body,MT,1.0
jfreechart,name,MT,1.0
jfreechart,name,MT,0.5714285714285714
jfreechart,body,MT,0.5714285714285714
jfreechart,body,MT,1.0
jfreechart,name,ER,0.5333333333333333
jfreechart,body,MT,1.0
jfreechart,body,MT,1.0
jfreechart,body,MT,1.0
jfreechart,name,MT,1.0
jfreechart,name,MT,1.0
jfreechart,name,MT,1.0
jfreechart,body,ER,0.5555555555555556
jfreechart,body,ER,0.5555555555555556
jfreechart,name,MT,0.6666666666666666
jfreechart,body,MT,0.6666666666666666
jfreechart,body,MT,0.926829268292683
jfreechart,name,MT,0.9024390243902439
jfreechart,body,MT,1.0
jfreechart,name,MT,1.0
jfreechart,body,MT,0.926829268292683
jfreechart,body,CR,0.7073170731707317
jfreechart,body,CR,0.7560975609756098
jfreechart,name,MT,0.9024390243902439
jfreechart,body,MT,0.5714285714285714
jfreechart,name,MT,0.8571428571428571
jfreechart,name,MT,1.0
jfreechart,body,MT,0.75
jfreechart,body,ER,0.5555555555555556
jfreechart,body,MT,0.6666666666666666
jfreechart,body,MT,0.5714285714285714
jfreechart,body,CR,0.8571428571428571
jfreechart,body,MT,1.0
jfreechart,body,MT,0.5555555555555556
jfreechart,body,MT,1.0
jfreechart,body,MT,0.5555555555555556
jfreechart,body,MT,1.0
jfreechart,name,MT,1.0
jfreechart,name,MT,0.75
jfreechart,body,MT,1.0
jfreechart,body,MT,1.0
jfreechart,name,MT,1.0
jfreechart,name,MT,1.0
jfreechart,name,CR,0.5714285714285714
jfreechart,name,MT,1.0
jfreechart,name,MT,1.0
jfreechart,body,MT,1.0
jfreechart,name,MT,1.0
jfreechart,name,MT,0.5555555555555556
jfreechart,name,MT,1.0
jfreechart,body,MT,1.0
jfreechart,body,MT,1.0
jfreechart,body,MT,0.5555555555555556
jfreechart,body,MT,0.5714285714285714
jfreechart,body,MT,1.0
jfreechart,body,ER,0.5555555555555556
jfreechart,body,ER,0.6666666666666666
jfreechart,name,MT,1.0
jfreechart,name,ER,0.75
jfreechart,name,MT,1.0
jfreechart,name,MT,1.0
jfreechart,body,MT,1.0
jfreechart,body,MT,1.0
jfreechart,body,MT,1.0
jfreechart,name,MT,1.0
jfreechart,name,MT,1.0
jfreechart,body,CR,0.7073170731707317
jfreechart,body,CR,0.7560975609756098
jfreechart,name,MT,1.0
jfreechart,body,MT,1.0
jfreechart,name,MT,0.8571428571428571
jfreechart,name,MT,1.0
jfreechart,name,MT,1.0
jfreechart,name,MT,1.0
jfreechart,body,MT,1.0
jfreechart,body,MT,1.0
jfreechart,body,MT,1.0
jfreechart,body,CR,0.7560975609756098
jfreechart,body,MT,0.926829268292683
jfreechart,body,CR,0.7073170731707317
jfreechart,name,MT,0.9024390243902439
jfreechart,body,MT,0.8571428571428571
jfreechart,body,MT,0.5714285714285714
barbecue,body,MT,0.75
barbecue,body,MT,0.6666666666666666
barbecue,body,CR,0.6
barbecue,body,MT,0.6666666666666666
barbecue,name,MT,0.8
barbecue,body,MT,1.0
barbecue,body,MT,0.6
barbecue,body,MT,0.6666666666666666
barbecue,body,MT,0.6666666666666666
barbecue,body,CR,0.6
barbecue,body,CR,0.6666666666666666
barbecue,name,MT,1.0
barbecue,body,MT,0.6
barbecue,body,MT,1.0
barbecue,body,MT,0.6
barbecue,name,MT,0.8
barbecue,body,MT,0.6666666666666666
barbecue,body,MT,1.0
barbecue,body,MT,1.0
barbecue,body,MT,0.6666666666666666
barbecue,body,MT,0.75
barbecue,body,MT,0.6
barbecue,name,MT,1.0
barbecue,body,MT,0.6
barbecue,name,MT,1.0
barbecue,name,CR,0.8
barbecue,body,CR,0.6
barbecue,name,MT,0.8
barbecue,body,MT,0.6
barbecue,body,MT,1.0
barbecue,body,MT,0.75
barbecue,body,MT,0.6
barbecue,body,MT,1.0
barbecue,name,MT,0.8
barbecue,body,MT,0.6666666666666666
barbecue,body,MT,0.6
barbecue,name,MT,1.0
barbecue,body,MT,0.75
barbecue,body,MT,0.6666666666666666
barbecue,body,CR,0.6
barbecue,body,MT,0.75
joda-time,name,MT,0.6
joda-time,name,MT,1.0
joda-time,body,MT,1.0
joda-time,body,MT,0.6666666666666666
joda-time,name,CR,0.75
joda-time,name,MT,1.0
joda-time,body,MT,1.0
joda-time,name,MT,1.0
joda-time,body,MT,1.0
joda-time,name,MT,1.0
joda-time,body,MT,1.0
joda-time,body,MT,1.0
joda-time,name,MT,1.0
joda-time,name,MT,1.0
joda-time,body,MT,1.0
joda-time,name,ER,0.75
joda-time,name,ER,0.75
joda-time,name,ER,0.75
joda-time,name,ER,0.75
joda-time,name,ER,0.75
joda-time,name,CR,0.75
joda-time,name,ER,0.75
joda-time,name,ER,0.75
joda-time,name,CR,0.75
joda-time,name,MT,0.75
joda-time,name,ER,0.75
joda-time,name,CR,0.75
joda-time,name,MT,0.75
joda-time,name,ER,0.75
joda-time,name,ER,0.75
joda-time,name,ER,0.75
joda-time,name,CR,0.75
joda-time,name,CR,0.75
joda-time,name,ER,0.75
joda-time,name,ER,0.75
joda-time,name,CR,0.75
joda-time,name,ER,0.75
joda-time,name,ER,0.75
joda-time,name,CR,0.75
joda-time,body,MT,1.0
joda-time,name,MT,1.0
joda-time,body,CR,0.6666666666666666
joda-time,body,CR,0.6666666666666666
joda-time,body,CR,0.6666666666666666
joda-time,body,CR,0.6666666666666666
joda-time,name,CR,0.6666666666666666
joda-time,name,MT,0.6
joda-time,name,MT,1.0
joda-time,body,MT,1.0
joda-time,name,MT,0.6666666666666666
joda-time,name,MT,0.75
joda-time,name,MT,0.75
joda-time,body,MT,1.0
joda-time,name,MT,1.0
joda-time,body,MT,0.6666666666666666
joda-time,name,MT,1.0
joda-time,body,MT,1.0
checkstyle,name,MT,0.6
checkstyle,body,MT,0.6
checkstyle,body,MT,0.5416666666666666
checkstyle,body,MT,0.5416666666666666
checkstyle,body,MT,0.6
checkstyle,name,MT,0.6
checkstyle,name,MT,0.625
checkstyle,name,CR,0.6181818181818182
checkstyle,name,CR,0.6
checkstyle,name,CR,0.6016949152542372
checkstyle,name,CR,0.6101694915254238
checkstyle,name,MT,0.8571428571428571
checkstyle,name,MT,0.9523809523809523
checkstyle,body,MT,0.8571428571428571
checkstyle,name,MT,0.8571428571428571
checkstyle,name,MT,0.9523809523809523
checkstyle,body,MT,0.8571428571428571
checkstyle,body,CR,0.5416666666666666
checkstyle,body,MT,0.5416666666666666
checkstyle,body,MT,0.5416666666666666
checkstyle,name,MT,0.9523809523809523
checkstyle,name,MT,0.8571428571428571
checkstyle,body,MT,0.8571428571428571
checkstyle,body,MT,0.5416666666666666
checkstyle,body,MT,0.5416666666666666
checkstyle,name,MT,0.6
checkstyle,name,MT,0.6181818181818182
checkstyle,body,MT,0.6818181818181818
checkstyle,body,MT,0.5416666666666666
checkstyle,body,MT,0.5416666666666666
checkstyle,body,MT,0.6864406779661016
checkstyle,name,MT,0.6016949152542372
checkstyle,name,MT,0.6101694915254238
checkstyle,body,MT,0.6818181818181818
checkstyle,name,MT,0.6181818181818182
checkstyle,name,MT,0.6
checkstyle,body,MT,0.5416666666666666
checkstyle,body,MT,0.5416666666666666
checkstyle,body,MT,0.5416666666666666
checkstyle,body,MT,0.5416666666666666
checkstyle,body,MT,0.5416666666666666
checkstyle,body,MT,0.5416666666666666
checkstyle,name,MT,0.6
checkstyle,name,MT,0.6181818181818182
checkstyle,body,MT,0.6818181818181818
checkstyle,body,MT,0.5416666666666666
checkstyle,body,MT,0.5416666666666666
checkstyle,body,MT,0.8571428571428571
checkstyle,name,MT,0.9523809523809523
checkstyle,name,MT,0.8571428571428571
checkstyle,body,CR,0.5416666666666666
checkstyle,body,CR,0.5416666666666666
checkstyle,body,MT,0.5416666666666666
checkstyle,body,MT,0.5416666666666666
checkstyle,name,MT,0.6181818181818182
checkstyle,name,MT,0.6
checkstyle,body,MT,0.6818181818181818
checkstyle,name,MT,0.6181818181818182
checkstyle,name,MT,0.6
checkstyle,body,MT,0.6818181818181818
checkstyle,name,MT,0.9523809523809523
checkstyle,name,MT,0.8571428571428571
checkstyle,body,MT,0.8571428571428571
checkstyle,name,MT,0.8571428571428571
checkstyle,name,MT,0.9523809523809523
checkstyle,body,MT,0.8571428571428571
checkstyle,name,MT,0.9523809523809523
checkstyle,name,MT,0.8571428571428571
checkstyle,body,MT,0.8571428571428571
checkstyle,name,MT,0.6666666666666666
checkstyle,name,MT,0.6666666666666666
checkstyle,body,MT,0.6666666666666666
checkstyle,name,MT,0.9523809523809523
checkstyle,name,MT,0.8571428571428571
checkstyle,body,MT,0.8571428571428571
checkstyle,body,MT,0.5416666666666666
checkstyle,name,MT,0.6
checkstyle,name,MT,0.6181818181818182
checkstyle,body,MT,0.6818181818181818
checkstyle,body,MT,0.5416666666666666
checkstyle,body,MT,0.5416666666666666
checkstyle,body,MT,0.5416666666666666
checkstyle,body,MT,0.5416666666666666
checkstyle,body,MT,0.5416666666666666
checkstyle,body,MT,0.5416666666666666
checkstyle,name,MT,0.8571428571428571
checkstyle,name,MT,0.9523809523809523
checkstyle,body,MT,0.8571428571428571
checkstyle,name,MT,0.6666666666666666
checkstyle,name,MT,0.6666666666666666
checkstyle,name,MT,0.6666666666666666
checkstyle,name,MT,0.6666666666666666
checkstyle,name,MT,1.0
checkstyle,name,MT,0.6666666666666666
checkstyle,name,MT,0.6666666666666666
checkstyle,body,MT,0.6666666666666666
checkstyle,body,MT,0.6864406779661016
checkstyle,name,MT,0.6016949152542372
checkstyle,name,MT,0.6101694915254238
checkstyle,name,MT,0.625
checkstyle,name,MT,0.6
checkstyle,name,MT,0.6181818181818182
checkstyle,body,MT,0.6818181818181818
checkstyle,body,MT,0.5416666666666666
checkstyle,body,MT,0.5416666666666666
checkstyle,body,MT,0.5416666666666666
checkstyle,body,MT,0.5416666666666666
checkstyle,name,MT,0.6181818181818182
checkstyle,name,MT,0.6
checkstyle,body,MT,0.6818181818181818
checkstyle,body,MT,0.5416666666666666
checkstyle,body,MT,0.5416666666666666
checkstyle,name,MT,0.625
checkstyle,body,MT,0.6864406779661016
checkstyle,name,MT,0.6101694915254238
checkstyle,name,MT,0.6016949152542372
checkstyle,body,MT,0.5416666666666666
checkstyle,body,MT,0.5416666666666666
checkstyle,name,MT,0.6016949152542372
checkstyle,name,MT,0.6101694915254238
checkstyle,body,MT,0.6864406779661016
checkstyle,body,MT,0.5416666666666666
checkstyle,body,MT,0.5416666666666666
checkstyle,name,MT,0.8571428571428571
checkstyle,name,MT,0.9523809523809523
checkstyle,body,MT,0.8571428571428571
checkstyle,body,MT,0.6864406779661016
checkstyle,name,MT,0.6016949152542372
checkstyle,name,MT,0.6101694915254238
checkstyle,body,MT,0.6818181818181818
checkstyle,name,MT,0.6181818181818182
checkstyle,name,MT,0.6
checkstyle,name,MT,0.6016949152542372
checkstyle,name,MT,0.6101694915254238
checkstyle,body,MT,0.6864406779661016
checkstyle,body,MT,0.5416666666666666
checkstyle,body,MT,0.5416666666666666
checkstyle,name,MT,0.8571428571428571
checkstyle,name,MT,0.9523809523809523
checkstyle,body,MT,0.8571428571428571
checkstyle,name,MT,0.9523809523809523
checkstyle,name,MT,0.8571428571428571
checkstyle,body,MT,0.8571428571428571
checkstyle,name,MT,0.6
checkstyle,name,MT,0.6181818181818182
checkstyle,body,MT,0.6818181818181818
checkstyle,name,MT,0.6
checkstyle,name,MT,0.6181818181818182
checkstyle,body,MT,0.6818181818181818
checkstyle,name,MT,0.9523809523809523
checkstyle,name,MT,0.8571428571428571
checkstyle,body,MT,0.8571428571428571
checkstyle,name,MT,0.6
checkstyle,name,MT,0.6181818181818182
checkstyle,body,MT,0.6818181818181818
checkstyle,body,MT,0.5416666666666666
checkstyle,body,MT,0.5416666666666666
checkstyle,name,MT,0.6
checkstyle,name,MT,0.6181818181818182
checkstyle,body,MT,0.6818181818181818
checkstyle,body,MT,0.5416666666666666
checkstyle,body,MT,0.5416666666666666
checkstyle,name,MT,0.8571428571428571
checkstyle,name,MT,0.9523809523809523
checkstyle,body,MT,0.8571428571428571
checkstyle,name,MT,0.6016949152542372
checkstyle,name,MT,0.6101694915254238
checkstyle,body,MT,0.6864406779661016
checkstyle,name,MT,0.6
checkstyle,name,MT,0.6181818181818182
checkstyle,body,MT,0.6818181818181818
checkstyle,name,MT,0.9523809523809523
checkstyle,name,MT,0.8571428571428571
checkstyle,body,MT,0.8571428571428571
checkstyle,body,MT,0.5416666666666666
checkstyle,body,MT,0.5416666666666666
checkstyle,body,MT,0.5416666666666666
checkstyle,body,MT,0.5416666666666666
checkstyle,name,MT,0.625
checkstyle,body,MT,0.5416666666666666
checkstyle,body,MT,0.5416666666666666
checkstyle,name,MT,0.6
checkstyle,body,MT,0.6
checkstyle,name,MT,0.6
checkstyle,name,MT,0.6181818181818182
checkstyle,body,MT,0.6818181818181818
checkstyle,body,MT,0.6864406779661016
checkstyle,name,MT,0.6101694915254238
checkstyle,name,MT,0.6016949152542372
checkstyle,name,MT,0.8571428571428571
checkstyle,name,MT,0.9523809523809523
checkstyle,body,MT,0.8571428571428571
checkstyle,name,MT,0.8571428571428571
checkstyle,name,MT,0.9523809523809523
checkstyle,body,MT,0.8571428571428571
checkstyle,body,CR,0.5416666666666666
checkstyle,body,MT,0.5416666666666666
checkstyle,body,MT,0.5416666666666666
checkstyle,body,MT,0.5416666666666666
checkstyle,body,MT,0.5416666666666666
checkstyle,body,MT,0.5416666666666666
checkstyle,body,MT,0.5416666666666666
checkstyle,body,MT,0.5416666666666666
checkstyle,body,MT,0.5416666666666666
checkstyle,name,MT,0.9523809523809523
checkstyle,name,MT,0.8571428571428571
checkstyle,body,MT,0.8571428571428571
checkstyle,name,MT,0.625
checkstyle,body,MT,0.5416666666666666
checkstyle,body,MT,0.5416666666666666
checkstyle,body,MT,0.6
checkstyle,name,MT,0.6
checkstyle,name,MT,0.8571428571428571
checkstyle,name,MT,0.9523809523809523
checkstyle,body,MT,0.8571428571428571
checkstyle,name,MT,0.8571428571428571
checkstyle,name,MT,0.9523809523809523
checkstyle,body,MT,0.8571428571428571
checkstyle,name,MT,0.9523809523809523
checkstyle,name,MT,0.8571428571428571
checkstyle,body,MT,0.8571428571428571
checkstyle,body,MT,0.8571428571428571
checkstyle,name,MT,0.8571428571428571
checkstyle,name,MT,0.9523809523809523
checkstyle,body,MT,0.6818181818181818
checkstyle,name,MT,0.6181818181818182
checkstyle,name,MT,0.6
checkstyle,body,MT,0.5416666666666666
checkstyle,body,MT,0.5416666666666666
checkstyle,body,MT,0.8571428571428571
checkstyle,name,MT,0.9523809523809523
checkstyle,name,MT,0.8571428571428571
checkstyle,body,MT,0.5416666666666666
checkstyle,body,MT,0.5416666666666666
checkstyle,name,MT,0.75
checkstyle,body,MT,0.8571428571428571
checkstyle,name,MT,0.9523809523809523
checkstyle,name,MT,0.8571428571428571
checkstyle,body,MT,0.5416666666666666
checkstyle,body,MT,0.5416666666666666
checkstyle,name,MT,0.6
checkstyle,body,MT,0.6
checkstyle,body,MT,0.5416666666666666
checkstyle,body,MT,0.5416666666666666
checkstyle,name,CR,0.6016949152542372
checkstyle,name,CR,0.6101694915254238
checkstyle,body,CR,0.5416666666666666
checkstyle,body,MT,0.5416666666666666
checkstyle,body,MT,0.5416666666666666
checkstyle,body,CR,0.5416666666666666
checkstyle,name,MT,0.75
checkstyle,body,MT,0.6864406779661016
checkstyle,name,MT,0.6016949152542372
checkstyle,name,MT,0.6101694915254238
checkstyle,name,MT,0.6
checkstyle,name,MT,0.6181818181818182
checkstyle,body,MT,0.6818181818181818
checkstyle,body,MT,0.8571428571428571
checkstyle,name,MT,0.9523809523809523
checkstyle,name,MT,0.8571428571428571
checkstyle,body,MT,0.8571428571428571
checkstyle,name,MT,0.9523809523809523
checkstyle,name,MT,0.8571428571428571
checkstyle,name,MT,0.9523809523809523
checkstyle,name,MT,0.8571428571428571
checkstyle,body,MT,0.8571428571428571
checkstyle,name,MT,0.6101694915254238
checkstyle,name,MT,0.6016949152542372
checkstyle,body,MT,0.6864406779661016
checkstyle,body,MT,0.5416666666666666
checkstyle,body,MT,0.5416666666666666
checkstyle,name,MT,0.8571428571428571
checkstyle,name,MT,0.9523809523809523
checkstyle,body,MT,0.8571428571428571
checkstyle,body,MT,0.5416666666666666
checkstyle,body,MT,0.5416666666666666
checkstyle,name,MT,0.9523809523809523
checkstyle,name,MT,0.8571428571428571
checkstyle,body,MT,0.8571428571428571
checkstyle,name,MT,0.6181818181818182
checkstyle,name,MT,0.6
checkstyle,body,MT,0.6818181818181818
checkstyle,body,MT,0.6
checkstyle,body,MT,1.0
checkstyle,body,MT,0.6
checkstyle,name,MT,0.8
checkstyle,name,MT,0.6016949152542372
checkstyle,name,MT,0.6101694915254238
checkstyle,body,MT,0.6864406779661016
checkstyle,name,CR,0.6016949152542372
checkstyle,name,CR,0.6101694915254238
checkstyle,name,MT,0.6016949152542372
checkstyle,name,MT,0.6101694915254238
checkstyle,body,MT,0.6864406779661016
checkstyle,name,MT,0.6016949152542372
checkstyle,name,MT,0.6101694915254238
checkstyle,body,MT,0.6864406779661016
checkstyle,body,MT,0.6864406779661016
checkstyle,name,MT,0.6016949152542372
checkstyle,name,MT,0.6101694915254238
checkstyle,name,MT,0.6016949152542372
checkstyle,name,MT,0.6101694915254238
checkstyle,body,MT,0.6864406779661016
checkstyle,name,CR,0.6016949152542372
checkstyle,name,CR,0.6101694915254238
checkstyle,name,MT,0.6
checkstyle,name,MT,0.6181818181818182
checkstyle,body,MT,0.6818181818181818
checkstyle,body,MT,0.6864406779661016
checkstyle,name,MT,0.6016949152542372
checkstyle,name,MT,0.6101694915254238
checkstyle,body,MT,0.5416666666666666
checkstyle,body,MT,0.5416666666666666
checkstyle,name,MT,0.6181818181818182
checkstyle,name,MT,0.6
checkstyle,body,MT,0.6818181818181818
checkstyle,name,MT,0.9523809523809523
checkstyle,name,MT,0.8571428571428571
checkstyle,body,MT,0.8571428571428571
checkstyle,name,MT,0.8571428571428571
checkstyle,name,MT,0.9523809523809523
checkstyle,body,MT,0.8571428571428571
checkstyle,body,MT,0.5416666666666666
checkstyle,body,MT,0.5416666666666666
checkstyle,body,MT,0.8571428571428571
checkstyle,name,MT,0.9523809523809523
checkstyle,name,MT,0.8571428571428571
checkstyle,name,MT,0.6016949152542372
checkstyle,name,MT,0.6101694915254238
checkstyle,body,MT,0.6864406779661016
checkstyle,name,MT,0.6
checkstyle,name,MT,0.6181818181818182
checkstyle,body,MT,0.6818181818181818
checkstyle,name,MT,0.625
checkstyle,body,MT,0.6864406779661016
checkstyle,name,MT,0.6016949152542372
checkstyle,name,MT,0.6101694915254238
checkstyle,name,MT,0.6101694915254238
checkstyle,name,MT,0.6016949152542372
checkstyle,body,MT,0.6864406779661016
checkstyle,body,MT,0.6818181818181818
checkstyle,name,MT,0.6
checkstyle,name,MT,0.6181818181818182
checkstyle,name,MT,0.6
checkstyle,name,MT,0.6181818181818182
checkstyle,body,MT,0.6818181818181818
checkstyle,body,MT,0.5416666666666666
checkstyle,body,MT,0.5416666666666666
checkstyle,name,MT,0.6
checkstyle,name,MT,0.6181818181818182
checkstyle,name,CR,0.6016949152542372
checkstyle,name,CR,0.6101694915254238
checkstyle,body,MT,0.5416666666666666
checkstyle,body,MT,0.5416666666666666
checkstyle,body,MT,0.5416666666666666
checkstyle,body,MT,0.5416666666666666
checkstyle,name,MT,0.6
checkstyle,name,MT,0.6181818181818182
checkstyle,body,MT,0.6818181818181818
checkstyle,name,MT,0.8571428571428571
checkstyle,name,MT,0.9523809523809523
checkstyle,body,MT,0.8571428571428571
checkstyle,name,MT,0.6181818181818182
checkstyle,name,MT,0.6
checkstyle,body,MT,0.6818181818181818
checkstyle,name,MT,0.6
checkstyle,body,MT,0.6
checkstyle,name,MT,0.8571428571428571
checkstyle,name,MT,0.9523809523809523
checkstyle,body,MT,0.8571428571428571
checkstyle,body,MT,0.8571428571428571
checkstyle,name,MT,0.9523809523809523
checkstyle,name,MT,0.8571428571428571
checkstyle,body,MT,0.8571428571428571
checkstyle,name,MT,0.9523809523809523
checkstyle,name,MT,0.8571428571428571
checkstyle,name,MT,0.6016949152542372
checkstyle,name,MT,0.6101694915254238
checkstyle,body,MT,0.6864406779661016
checkstyle,body,MT,0.6864406779661016
checkstyle,name,MT,0.6016949152542372
checkstyle,name,MT,0.6101694915254238
checkstyle,name,MT,0.75
checkstyle,name,MT,0.8571428571428571
checkstyle,name,MT,0.9523809523809523
checkstyle,body,MT,0.8571428571428571
checkstyle,name,MT,0.6
checkstyle,name,MT,0.6181818181818182
checkstyle,body,MT,0.6818181818181818
checkstyle,name,MT,0.6
checkstyle,name,MT,0.6181818181818182
checkstyle,body,MT,0.6818181818181818
checkstyle,body,MT,0.5416666666666666
checkstyle,body,MT,0.5416666666666666
checkstyle,body,MT,0.6864406779661016
checkstyle,name,MT,0.6016949152542372
checkstyle,name,MT,0.6101694915254238
checkstyle,body,MT,0.5416666666666666
checkstyle,body,MT,0.5416666666666666
checkstyle,body,MT,0.5416666666666666
checkstyle,body,MT,0.5416666666666666
checkstyle,name,MT,0.8571428571428571
checkstyle,name,MT,0.9523809523809523
checkstyle,body,MT,0.8571428571428571
checkstyle,name,MT,0.6
checkstyle,name,MT,0.6181818181818182
checkstyle,body,MT,0.6818181818181818
checkstyle,body,MT,0.6864406779661016
checkstyle,name,MT,0.6016949152542372
checkstyle,name,MT,0.6101694915254238
checkstyle,body,MT,0.5416666666666666
checkstyle,body,MT,0.5416666666666666
checkstyle,body,MT,0.5416666666666666
checkstyle,body,MT,0.5416666666666666
checkstyle,name,MT,0.6016949152542372
checkstyle,name,MT,0.6101694915254238
checkstyle,name,CR,0.6181818181818182
checkstyle,name,CR,0.6
checkstyle,name,MT,0.6
checkstyle,name,MT,0.6181818181818182
checkstyle,body,MT,0.6818181818181818
checkstyle,name,MT,0.8571428571428571
checkstyle,name,MT,0.9523809523809523
checkstyle,body,MT,0.8571428571428571
checkstyle,body,MT,0.5416666666666666
checkstyle,body,MT,0.5416666666666666
checkstyle,body,MT,0.6864406779661016
checkstyle,name,MT,0.6016949152542372
checkstyle,name,MT,0.6101694915254238
checkstyle,name,MT,0.8571428571428571
checkstyle,name,MT,0.9523809523809523
checkstyle,body,MT,0.8571428571428571
checkstyle,body,MT,0.5416666666666666
checkstyle,body,MT,0.5416666666666666
checkstyle,name,MT,0.6016949152542372
checkstyle,name,MT,0.6101694915254238
checkstyle,body,MT,0.6864406779661016
checkstyle,body,MT,0.6864406779661016
checkstyle,name,MT,0.6016949152542372
checkstyle,name,MT,0.6101694915254238
checkstyle,body,MT,0.5416666666666666
checkstyle,body,MT,0.5416666666666666
checkstyle,name,MT,0.9523809523809523
checkstyle,name,MT,0.8571428571428571
checkstyle,body,MT,0.8571428571428571
checkstyle,name,MT,0.8571428571428571
checkstyle,name,MT,0.9523809523809523
checkstyle,body,MT,0.8571428571428571
checkstyle,name,MT,0.8571428571428571
checkstyle,name,MT,0.9523809523809523
checkstyle,body,MT,0.8571428571428571
checkstyle,name,MT,0.8571428571428571
checkstyle,name,MT,0.9523809523809523
checkstyle,body,MT,0.8571428571428571
checkstyle,body,MT,0.5416666666666666
checkstyle,body,MT,0.5416666666666666
checkstyle,name,MT,0.625
checkstyle,body,MT,0.6864406779661016
checkstyle,name,MT,0.6016949152542372
checkstyle,name,MT,0.6101694915254238
checkstyle,name,MT,0.6181818181818182
checkstyle,name,MT,0.6
checkstyle,body,MT,0.6818181818181818
checkstyle,body,MT,0.5416666666666666
checkstyle,body,MT,0.5416666666666666
checkstyle,body,MT,0.8571428571428571
checkstyle,name,MT,0.9523809523809523
checkstyle,name,MT,0.8571428571428571
checkstyle,name,MT,0.8571428571428571
checkstyle,name,MT,0.9523809523809523
checkstyle,body,MT,0.8571428571428571
checkstyle,body,MT,0.5416666666666666
checkstyle,body,MT,0.5416666666666666
checkstyle,name,MT,0.6
checkstyle,body,MT,0.6
checkstyle,body,MT,0.6864406779661016
checkstyle,name,MT,0.6016949152542372
checkstyle,name,MT,0.6101694915254238
checkstyle,body,MT,0.5416666666666666
checkstyle,body,MT,0.5416666666666666
checkstyle,name,MT,0.9523809523809523
checkstyle,name,MT,0.8571428571428571
checkstyle,body,MT,0.8571428571428571
checkstyle,body,MT,0.6818181818181818
checkstyle,name,MT,0.6
checkstyle,name,MT,0.6181818181818182
checkstyle,name,MT,0.8571428571428571
checkstyle,name,MT,0.9523809523809523
checkstyle,body,MT,0.8571428571428571
checkstyle,name,MT,1.0
checkstyle,name,MT,0.6666666666666666
checkstyle,name,MT,0.6666666666666666
checkstyle,name,MT,0.6666666666666666
checkstyle,name,MT,0.6666666666666666
checkstyle,name,MT,0.6666666666666666
checkstyle,name,MT,0.6666666666666666
checkstyle,body,MT,0.6666666666666666
checkstyle,name,MT,0.6181818181818182
checkstyle,name,MT,0.6
checkstyle,body,MT,0.6818181818181818
checkstyle,name,MT,0.6
checkstyle,name,MT,0.6181818181818182
checkstyle,body,MT,0.6818181818181818
checkstyle,name,MT,0.9523809523809523
checkstyle,name,MT,0.8571428571428571
checkstyle,body,MT,0.8571428571428571
checkstyle,name,MT,0.6181818181818182
checkstyle,name,MT,0.6
checkstyle,body,MT,0.6818181818181818
checkstyle,body,CR,0.5416666666666666
checkstyle,body,MT,0.5416666666666666
checkstyle,body,MT,0.5416666666666666
checkstyle,name,MT,0.6016949152542372
checkstyle,name,MT,0.6101694915254238
checkstyle,body,MT,0.6864406779661016
checkstyle,body,MT,0.5416666666666666
checkstyle,body,MT,0.5416666666666666
checkstyle,body,CR,0.6864406779661016
checkstyle,name,CR,0.6016949152542372
checkstyle,name,CR,0.6101694915254238
checkstyle,name,MT,0.8571428571428571
checkstyle,name,MT,0.9523809523809523
checkstyle,body,MT,0.8571428571428571
checkstyle,name,MT,0.9523809523809523
checkstyle,name,MT,0.8571428571428571
checkstyle,body,MT,0.8571428571428571
checkstyle,body,MT,0.5416666666666666
checkstyle,body,MT,0.5416666666666666
checkstyle,name,MT,0.625
checkstyle,name,MT,0.6016949152542372
checkstyle,name,MT,0.6101694915254238
checkstyle,body,MT,0.6864406779661016
checkstyle,body,MT,0.8571428571428571
checkstyle,name,MT,0.9523809523809523
checkstyle,name,MT,0.8571428571428571
checkstyle,body,MT,0.5416666666666666
checkstyle,body,MT,0.5416666666666666
checkstyle,name,MT,0.9523809523809523
checkstyle,name,MT,0.8571428571428571
checkstyle,body,MT,0.8571428571428571
checkstyle,body,MT,0.8571428571428571
checkstyle,name,MT,0.8571428571428571
checkstyle,name,MT,0.9523809523809523
checkstyle,name,MT,0.9523809523809523
checkstyle,name,MT,0.8571428571428571
checkstyle,body,MT,0.8571428571428571
checkstyle,body,MT,0.5416666666666666
checkstyle,body,MT,0.5416666666666666
checkstyle,name,MT,0.8571428571428571
checkstyle,name,MT,0.9523809523809523
checkstyle,body,MT,0.8571428571428571
checkstyle,name,MT,0.6181818181818182
checkstyle,name,MT,0.6
checkstyle,body,MT,0.6818181818181818
checkstyle,name,MT,0.9523809523809523
checkstyle,name,MT,0.8571428571428571
checkstyle,body,MT,0.8571428571428571
checkstyle,body,MT,0.6864406779661016
checkstyle,name,MT,0.6016949152542372
checkstyle,name,MT,0.6101694915254238
checkstyle,body,MT,0.8571428571428571
checkstyle,name,MT,0.8571428571428571
checkstyle,name,MT,0.9523809523809523
checkstyle,body,MT,0.8571428571428571
checkstyle,body,MT,0.5416666666666666
checkstyle,body,MT,0.5416666666666666
checkstyle,name,MT,0.8571428571428571
checkstyle,name,MT,0.9523809523809523
checkstyle,body,MT,0.8571428571428571
checkstyle,body,MT,0.5416666666666666
checkstyle,body,MT,0.5416666666666666
checkstyle,body,MT,0.6
checkstyle,name,MT,0.6
checkstyle,name,MT,0.6181818181818182
checkstyle,name,MT,0.6
checkstyle,body,MT,0.6818181818181818
checkstyle,name,MT,0.6
checkstyle,name,MT,0.6181818181818182
checkstyle,body,MT,0.6818181818181818
checkstyle,body,MT,0.6864406779661016
checkstyle,name,MT,0.6016949152542372
checkstyle,name,MT,0.6101694915254238
checkstyle,body,CR,0.5416666666666666
checkstyle,name,MT,0.6
checkstyle,body,MT,0.6
checkstyle,name,MT,0.6
checkstyle,name,MT,0.6181818181818182
checkstyle,body,MT,0.6818181818181818
checkstyle,body,MT,0.6818181818181818
checkstyle,name,MT,0.6181818181818182
checkstyle,name,MT,0.6
checkstyle,name,MT,0.8571428571428571
checkstyle,name,MT,0.9523809523809523
checkstyle,body,MT,0.8571428571428571
checkstyle,name,CR,0.6
checkstyle,name,CR,0.6181818181818182
checkstyle,name,MT,0.6181818181818182
checkstyle,name,MT,0.6
checkstyle,body,MT,0.6818181818181818
checkstyle,body,MT,0.5416666666666666
checkstyle,body,MT,0.5416666666666666
checkstyle,name,CR,0.6016949152542372
checkstyle,name,MT,0.8571428571428571
checkstyle,name,MT,0.9523809523809523
checkstyle,body,MT,0.8571428571428571
checkstyle,name,MT,0.9523809523809523
checkstyle,name,MT,0.8571428571428571
checkstyle,body,MT,0.8571428571428571
checkstyle,name,MT,0.9523809523809523
checkstyle,name,MT,0.8571428571428571
checkstyle,body,MT,0.8571428571428571
checkstyle,body,MT,0.5416666666666666
checkstyle,body,MT,0.5416666666666666
checkstyle,name,MT,0.8571428571428571
checkstyle,name,MT,0.9523809523809523
checkstyle,body,MT,0.8571428571428571
checkstyle,body,CR,0.5416666666666666
checkstyle,body,MT,0.5416666666666666
checkstyle,body,MT,0.5416666666666666
checkstyle,name,MT,0.6016949152542372
checkstyle,name,MT,0.6101694915254238
checkstyle,body,MT,0.6864406779661016
checkstyle,name,MT,0.8571428571428571
checkstyle,name,MT,0.9523809523809523
checkstyle,body,MT,0.8571428571428571
checkstyle,name,MT,0.8571428571428571
checkstyle,name,MT,0.9523809523809523
checkstyle,body,MT,0.8571428571428571
checkstyle,body,MT,0.5416666666666666
checkstyle,body,MT,0.5416666666666666
checkstyle,name,CR,0.6
checkstyle,name,CR,0.6016949152542372
checkstyle,name,CR,0.6101694915254238
checkstyle,name,CR,0.6016949152542372
checkstyle,name,CR,0.6101694915254238
checkstyle,body,CR,0.5416666666666666
checkstyle,name,MT,0.6101694915254238
checkstyle,name,MT,0.6016949152542372
checkstyle,body,MT,0.6864406779661016
checkstyle,body,MT,0.6864406779661016
checkstyle,name,MT,0.6016949152542372
checkstyle,name,MT,0.6101694915254238
checkstyle,body,MT,0.5416666666666666
checkstyle,body,MT,0.5416666666666666
checkstyle,body,MT,0.5416666666666666
checkstyle,body,MT,0.5416666666666666
checkstyle,name,MT,0.8571428571428571
checkstyle,body,MT,0.8571428571428571
checkstyle,body,MT,0.6818181818181818
checkstyle,name,MT,0.6
checkstyle,name,MT,0.6181818181818182
checkstyle,name,MT,0.6181818181818182
checkstyle,name,MT,0.6
checkstyle,body,MT,0.6818181818181818
checkstyle,name,MT,0.8571428571428571
checkstyle,name,MT,0.9523809523809523
checkstyle,body,MT,0.8571428571428571
checkstyle,name,MT,0.8571428571428571
checkstyle,name,MT,0.9523809523809523
checkstyle,body,MT,0.8571428571428571
checkstyle,name,MT,0.6181818181818182
checkstyle,name,MT,0.6
checkstyle,body,MT,0.6818181818181818
checkstyle,name,MT,0.8571428571428571
checkstyle,name,MT,0.9523809523809523
checkstyle,body,MT,0.8571428571428571
checkstyle,name,MT,0.6
checkstyle,name,MT,0.6181818181818182
checkstyle,body,MT,0.6818181818181818
checkstyle,body,MT,0.5416666666666666
checkstyle,body,MT,0.5416666666666666
checkstyle,name,CR,0.6181818181818182
checkstyle,name,CR,0.6
checkstyle,name,MT,0.8571428571428571
checkstyle,name,MT,0.9523809523809523
checkstyle,body,MT,0.8571428571428571
checkstyle,name,MT,0.6016949152542372
checkstyle,name,MT,0.6101694915254238
checkstyle,body,MT,0.6864406779661016
checkstyle,body,MT,0.5416666666666666
checkstyle,body,MT,0.5416666666666666
checkstyle,name,MT,0.8571428571428571
checkstyle,name,MT,0.9523809523809523
checkstyle,body,MT,0.8571428571428571
checkstyle,body,MT,0.5416666666666666
checkstyle,body,MT,0.5416666666666666
checkstyle,name,MT,0.6
checkstyle,name,MT,0.6181818181818182
checkstyle,body,MT,0.6818181818181818
checkstyle,name,MT,0.6
checkstyle,name,MT,0.6181818181818182
checkstyle,body,MT,0.6818181818181818
checkstyle,body,MT,0.6864406779661016
checkstyle,name,MT,0.6016949152542372
checkstyle,name,MT,0.6101694915254238
checkstyle,name,MT,0.8571428571428571
checkstyle,name,MT,0.9523809523809523
checkstyle,body,MT,0.8571428571428571
checkstyle,body,MT,0.5416666666666666
checkstyle,body,MT,0.5416666666666666
checkstyle,name,MT,0.6
checkstyle,name,MT,0.6181818181818182
checkstyle,body,MT,0.6818181818181818
checkstyle,body,MT,0.5416666666666666
checkstyle,body,MT,0.5416666666666666
checkstyle,body,MT,0.5416666666666666
checkstyle,body,MT,0.5416666666666666
checkstyle,name,MT,0.6181818181818182
checkstyle,name,MT,0.6
checkstyle,body,MT,0.6818181818181818
checkstyle,body,MT,0.5416666666666666
checkstyle,body,MT,0.5416666666666666
checkstyle,body,CR,0.5416666666666666
checkstyle,name,MT,0.8571428571428571
checkstyle,name,MT,0.9523809523809523
checkstyle,body,MT,0.8571428571428571
checkstyle,body,MT,0.5416666666666666
checkstyle,body,MT,0.5416666666666666
checkstyle,body,MT,0.6864406779661016
checkstyle,name,MT,0.6016949152542372
checkstyle,name,MT,0.6101694915254238
checkstyle,name,MT,0.8571428571428571
checkstyle,name,MT,0.9523809523809523
checkstyle,body,MT,0.8571428571428571
checkstyle,name,MT,0.6016949152542372
checkstyle,name,MT,0.6101694915254238
checkstyle,body,MT,0.6864406779661016
checkstyle,body,MT,0.5416666666666666
checkstyle,body,MT,0.5416666666666666
checkstyle,body,MT,0.6864406779661016
checkstyle,name,MT,0.6016949152542372
checkstyle,name,MT,0.6101694915254238
checkstyle,body,MT,0.5416666666666666
checkstyle,body,MT,0.5416666666666666
checkstyle,body,MT,0.8571428571428571
checkstyle,name,MT,0.9523809523809523
checkstyle,name,MT,0.8571428571428571
checkstyle,name,MT,0.9523809523809523
checkstyle,name,MT,0.8571428571428571
checkstyle,body,MT,0.8571428571428571
checkstyle,name,MT,0.9523809523809523
checkstyle,name,MT,0.8571428571428571
checkstyle,body,MT,0.8571428571428571
checkstyle,body,MT,0.5416666666666666
checkstyle,body,MT,0.5416666666666666
checkstyle,name,MT,0.625
checkstyle,name,MT,0.6016949152542372
checkstyle,name,MT,0.6101694915254238
checkstyle,body,MT,0.6864406779661016
checkstyle,body,MT,0.6864406779661016
checkstyle,name,MT,0.6016949152542372
checkstyle,name,MT,0.6101694915254238
checkstyle,body,MT,0.5416666666666666
checkstyle,body,MT,0.5416666666666666
checkstyle,body,MT,0.5416666666666666
checkstyle,body,MT,0.5416666666666666
checkstyle,body,MT,0.6818181818181818
checkstyle,name,MT,0.6181818181818182
checkstyle,name,MT,0.6
checkstyle,body,MT,0.6818181818181818
checkstyle,name,MT,0.6181818181818182
checkstyle,name,MT,0.6
checkstyle,body,MT,0.8571428571428571
checkstyle,name,MT,0.9523809523809523
checkstyle,name,MT,0.8571428571428571
checkstyle,body,MT,0.6
checkstyle,name,MT,0.6
checkstyle,body,MT,0.6
checkstyle,name,MT,0.6
checkstyle,name,MT,0.6
checkstyle,name,MT,0.6181818181818182
checkstyle,body,MT,0.6818181818181818
checkstyle,body,MT,0.5416666666666666
checkstyle,body,MT,0.5416666666666666
checkstyle,body,MT,0.8571428571428571
checkstyle,name,MT,0.9523809523809523
checkstyle,name,MT,0.8571428571428571
checkstyle,body,MT,0.6
checkstyle,name,MT,0.6016949152542372
checkstyle,name,MT,0.6101694915254238
checkstyle,body,MT,0.6864406779661016
checkstyle,body,CR,0.5416666666666666
checkstyle,body,MT,0.5416666666666666
checkstyle,body,MT,0.5416666666666666
checkstyle,name,MT,0.6
checkstyle,body,MT,0.6
checkstyle,body,MT,0.6818181818181818
checkstyle,name,MT,0.6181818181818182
checkstyle,name,MT,0.6
checkstyle,name,MT,0.6016949152542372
checkstyle,name,MT,0.6101694915254238
checkstyle,body,MT,0.6864406779661016
checkstyle,name,CR,0.6
checkstyle,body,CR,0.6
checkstyle,name,MT,0.6181818181818182
checkstyle,name,MT,0.6
checkstyle,body,MT,0.6818181818181818
checkstyle,body,MT,0.5416666666666666
checkstyle,body,MT,0.5416666666666666
checkstyle,body,MT,0.5416666666666666
checkstyle,body,MT,0.5416666666666666
checkstyle,name,MT,0.9523809523809523
checkstyle,name,MT,0.8571428571428571
checkstyle,body,MT,0.8571428571428571
checkstyle,body,MT,0.5416666666666666
checkstyle,body,MT,0.5416666666666666
checkstyle,name,MT,0.6016949152542372
checkstyle,name,MT,0.6101694915254238
checkstyle,body,MT,0.6864406779661016
checkstyle,name,MT,0.6
checkstyle,name,MT,0.6181818181818182
checkstyle,body,MT,0.6818181818181818
checkstyle,body,MT,0.5416666666666666
checkstyle,body,MT,0.5416666666666666
checkstyle,body,MT,0.6864406779661016
checkstyle,name,MT,0.6016949152542372
checkstyle,name,MT,0.6101694915254238
checkstyle,body,MT,0.5416666666666666
checkstyle,body,MT,0.5416666666666666
checkstyle,name,MT,0.6
checkstyle,body,MT,0.6
checkstyle,name,MT,0.6016949152542372
checkstyle,name,MT,0.6101694915254238
checkstyle,body,MT,0.6864406779661016
checkstyle,name,MT,0.6016949152542372
checkstyle,name,MT,0.6101694915254238
checkstyle,body,MT,0.6864406779661016
checkstyle,name,CR,0.6016949152542372
checkstyle,name,CR,0.6101694915254238
checkstyle,body,CR,0.6864406779661016
checkstyle,name,MT,0.6181818181818182
checkstyle,name,MT,0.6
checkstyle,body,MT,0.6818181818181818
checkstyle,body,MT,0.5416666666666666
checkstyle,body,MT,0.5416666666666666
checkstyle,name,CR,0.6
checkstyle,name,CR,0.6181818181818182
checkstyle,body,MT,0.5416666666666666
checkstyle,body,MT,0.5416666666666666
checkstyle,name,MT,0.8571428571428571
checkstyle,name,MT,0.9523809523809523
checkstyle,body,MT,0.8571428571428571
checkstyle,name,MT,0.8571428571428571
checkstyle,name,MT,0.9523809523809523
checkstyle,body,MT,0.8571428571428571
checkstyle,name,MT,0.8571428571428571
checkstyle,name,MT,0.9523809523809523
checkstyle,body,MT,0.8571428571428571
checkstyle,body,MT,0.5416666666666666
checkstyle,body,MT,0.5416666666666666
checkstyle,name,MT,0.6181818181818182
checkstyle,name,MT,0.6
checkstyle,body,MT,0.6818181818181818
checkstyle,name,MT,0.6181818181818182
checkstyle,name,MT,0.6
checkstyle,body,MT,0.6818181818181818
checkstyle,body,MT,0.5416666666666666
checkstyle,body,MT,0.5416666666666666
checkstyle,name,MT,0.9523809523809523
checkstyle,name,MT,0.8571428571428571
checkstyle,body,MT,0.8571428571428571
checkstyle,name,MT,0.6016949152542372
checkstyle,name,MT,0.6101694915254238
checkstyle,body,MT,0.6864406779661016
checkstyle,body,MT,0.5416666666666666
checkstyle,body,MT,0.5416666666666666
checkstyle,body,MT,0.6864406779661016
checkstyle,name,MT,0.6016949152542372
checkstyle,name,MT,0.6101694915254238
checkstyle,name,MT,0.6
checkstyle,name,MT,0.6181818181818182
checkstyle,body,MT,0.6818181818181818
checkstyle,name,MT,0.6
checkstyle,body,MT,0.6
checkstyle,name,MT,0.8571428571428571
checkstyle,name,MT,0.9523809523809523
checkstyle,body,MT,0.8571428571428571
checkstyle,body,MT,0.6818181818181818
checkstyle,name,MT,0.6
checkstyle,name,MT,0.6181818181818182
checkstyle,body,MT,0.8571428571428571
checkstyle,name,MT,0.8571428571428571
checkstyle,name,MT,0.9523809523809523
checkstyle,name,MT,0.8571428571428571
checkstyle,name,MT,0.9523809523809523
checkstyle,body,MT,0.8571428571428571
checkstyle,name,MT,0.6181818181818182
checkstyle,name,MT,0.6
checkstyle,body,MT,0.6818181818181818
checkstyle,name,MT,0.6101694915254238
checkstyle,name,MT,0.6016949152542372
checkstyle,body,MT,0.6864406779661016
checkstyle,body,MT,0.5416666666666666
checkstyle,body,MT,0.5416666666666666
checkstyle,body,MT,0.6
checkstyle,name,MT,0.6
checkstyle,body,MT,0.5416666666666666
checkstyle,body,MT,0.5416666666666666
checkstyle,body,CR,0.6864406779661016
checkstyle,name,CR,0.6016949152542372
checkstyle,name,CR,0.6101694915254238
checkstyle,body,MT,0.5416666666666666
checkstyle,body,MT,0.5416666666666666
checkstyle,name,MT,0.8571428571428571
checkstyle,name,MT,0.9523809523809523
checkstyle,body,MT,0.8571428571428571
checkstyle,name,MT,0.6181818181818182
checkstyle,name,MT,0.6
checkstyle,body,MT,0.6818181818181818
checkstyle,body,MT,0.8571428571428571
checkstyle,name,MT,0.9523809523809523
checkstyle,name,MT,0.8571428571428571
checkstyle,name,MT,0.8571428571428571
checkstyle,name,MT,0.9523809523809523
checkstyle,name,MT,0.8571428571428571
checkstyle,body,MT,0.8571428571428571
checkstyle,body,MT,0.5416666666666666
checkstyle,body,MT,0.5416666666666666
checkstyle,body,CR,0.5416666666666666
checkstyle,name,MT,0.8571428571428571
checkstyle,name,MT,0.9523809523809523
checkstyle,body,MT,0.8571428571428571
checkstyle,body,CR,0.5416666666666666
checkstyle,body,MT,0.5416666666666666
checkstyle,body,MT,0.5416666666666666
checkstyle,body,MT,0.5416666666666666
checkstyle,body,MT,0.5416666666666666
checkstyle,body,MT,0.5416666666666666
checkstyle,body,MT,0.5416666666666666
checkstyle,body,MT,0.5416666666666666
checkstyle,body,MT,0.5416666666666666
checkstyle,body,MT,0.5416666666666666
checkstyle,body,MT,0.5416666666666666
checkstyle,name,MT,0.6
checkstyle,name,MT,0.6181818181818182
checkstyle,body,MT,0.6818181818181818
checkstyle,body,MT,0.5416666666666666
checkstyle,body,MT,0.5416666666666666
checkstyle,name,MT,0.6
checkstyle,name,MT,0.6181818181818182
checkstyle,body,MT,0.6818181818181818
checkstyle,name,MT,0.8571428571428571
checkstyle,body,MT,0.8571428571428571
checkstyle,body,MT,0.6818181818181818
checkstyle,name,MT,0.6181818181818182
checkstyle,name,MT,0.6
checkstyle,body,MT,0.8571428571428571
checkstyle,name,MT,0.9523809523809523
checkstyle,name,MT,0.8571428571428571
checkstyle,body,MT,0.6
checkstyle,name,CR,0.6016949152542372
checkstyle,name,CR,0.6101694915254238
checkstyle,name,MT,0.6181818181818182
checkstyle,name,MT,0.6
checkstyle,body,MT,0.6818181818181818
checkstyle,body,MT,0.5416666666666666
checkstyle,body,MT,0.5416666666666666
checkstyle,name,MT,0.6
checkstyle,body,MT,0.6
checkstyle,name,MT,0.8571428571428571
checkstyle,name,MT,0.9523809523809523
checkstyle,body,MT,0.8571428571428571
checkstyle,name,MT,0.8
checkstyle,body,MT,0.6
checkstyle,body,MT,0.6
checkstyle,body,MT,1.0
checkstyle,name,MT,0.8571428571428571
checkstyle,name,MT,0.9523809523809523
checkstyle,body,MT,0.8571428571428571
checkstyle,name,MT,0.6
checkstyle,name,MT,0.6181818181818182
checkstyle,body,MT,0.6818181818181818
checkstyle,name,MT,0.6101694915254238
checkstyle,name,MT,0.6016949152542372
checkstyle,body,MT,0.6864406779661016
checkstyle,name,MT,0.8571428571428571
checkstyle,name,MT,0.9523809523809523
checkstyle,body,MT,0.8571428571428571
checkstyle,name,MT,0.6181818181818182
checkstyle,name,MT,0.6
checkstyle,body,MT,0.6818181818181818
checkstyle,body,MT,0.8571428571428571
checkstyle,name,MT,0.9523809523809523
checkstyle,name,MT,0.8571428571428571
checkstyle,body,MT,0.5416666666666666
checkstyle,body,MT,0.5416666666666666
checkstyle,name,MT,0.6016949152542372
checkstyle,name,MT,0.6101694915254238
checkstyle,body,MT,0.6864406779661016
checkstyle,body,MT,0.8571428571428571
checkstyle,name,MT,0.9523809523809523
checkstyle,name,MT,0.8571428571428571
checkstyle,name,MT,0.6016949152542372
checkstyle,name,MT,0.6101694915254238
checkstyle,body,MT,0.6864406779661016
checkstyle,name,MT,0.6
checkstyle,body,MT,0.6
checkstyle,name,CR,0.6
checkstyle,name,CR,0.6181818181818182
checkstyle,name,MT,0.8571428571428571
checkstyle,name,MT,0.9523809523809523
checkstyle,body,MT,0.8571428571428571
checkstyle,name,MT,0.6
checkstyle,body,MT,0.6
checkstyle,name,MT,0.8
checkstyle,name,MT,0.6
checkstyle,body,MT,0.6
checkstyle,name,MT,0.625
checkstyle,name,MT,0.75
checkstyle,body,MT,0.8571428571428571
checkstyle,name,MT,0.9523809523809523
checkstyle,name,MT,0.8571428571428571
checkstyle,name,MT,0.75
checkstyle,body,MT,0.6818181818181818
checkstyle,name,MT,0.6181818181818182
checkstyle,name,MT,0.6
checkstyle,body,MT,0.6
checkstyle,name,MT,0.6
checkstyle,name,MT,0.75
checkstyle,name,MT,0.8571428571428571
checkstyle,name,MT,0.9523809523809523
checkstyle,body,MT,0.8571428571428571
checkstyle,body,MT,0.6
checkstyle,name,MT,0.6
checkstyle,body,MT,0.6818181818181818
checkstyle,name,MT,0.6181818181818182
checkstyle,name,MT,0.6
checkstyle,body,MT,0.5416666666666666
checkstyle,body,MT,0.5416666666666666
checkstyle,name,MT,0.9523809523809523
checkstyle,name,MT,0.8571428571428571
checkstyle,body,MT,0.8571428571428571
checkstyle,body,CR,0.5416666666666666
checkstyle,name,MT,0.6016949152542372
checkstyle,name,MT,0.6101694915254238
checkstyle,body,MT,0.6864406779661016
checkstyle,name,MT,0.6016949152542372
checkstyle,name,MT,0.6101694915254238
checkstyle,body,MT,0.6864406779661016
checkstyle,body,MT,0.8571428571428571
checkstyle,name,MT,0.9523809523809523
checkstyle,name,MT,0.8571428571428571
checkstyle,body,MT,0.6
checkstyle,body,MT,0.6
checkstyle,body,MT,0.6864406779661016
checkstyle,name,MT,0.6016949152542372
checkstyle,name,MT,0.6101694915254238
checkstyle,body,MT,0.6
checkstyle,body,MT,1.0
checkstyle,body,MT,0.6
checkstyle,name,MT,0.8
checkstyle,body,MT,0.8571428571428571
checkstyle,name,MT,0.8571428571428571
checkstyle,body,MT,0.6864406779661016
checkstyle,name,MT,0.6016949152542372
checkstyle,name,MT,0.6101694915254238
checkstyle,name,MT,0.6016949152542372
checkstyle,name,MT,0.6101694915254238
checkstyle,body,MT,0.6864406779661016
checkstyle,body,MT,0.6864406779661016
checkstyle,name,MT,0.6016949152542372
checkstyle,name,MT,0.6101694915254238
checkstyle,body,MT,0.6864406779661016
checkstyle,name,MT,0.6016949152542372
checkstyle,name,MT,0.6101694915254238
checkstyle,body,CR,0.5416666666666666
checkstyle,body,MT,0.5416666666666666
checkstyle,name,CR,0.6
checkstyle,name,MT,0.75
checkstyle,body,MT,0.8571428571428571
checkstyle,name,MT,0.9523809523809523
checkstyle,name,MT,0.8571428571428571
checkstyle,body,MT,0.6864406779661016
checkstyle,name,MT,0.6016949152542372
checkstyle,name,MT,0.6101694915254238
checkstyle,name,MT,0.6
checkstyle,name,MT,0.6181818181818182
checkstyle,body,MT,0.6818181818181818
checkstyle,name,MT,0.6666666666666666
checkstyle,name,MT,0.6666666666666666
checkstyle,name,MT,0.6666666666666666
checkstyle,name,MT,0.6666666666666666
checkstyle,body,MT,0.8571428571428571
checkstyle,name,MT,0.9523809523809523
checkstyle,name,MT,0.8571428571428571
checkstyle,name,MT,0.625
zxing,name,MT,0.75
zxing,name,MT,0.75
zxing,name,MT,0.6666666666666666
zxing,name,MT,0.6666666666666666
zxing,name,MT,0.75
zxing,name,MT,0.75
zxing,name,MT,0.6666666666666666
zxing,name,MT,0.75
zxing,name,MT,0.75
zxing,name,MT,0.6666666666666666
zxing,name,MT,0.75
jopt-simple,body,MT,0.75
jopt-simple,body,MT,1.0
jopt-simple,body,MT,1.0
jopt-simple,name,CR,0.6666666666666666
jopt-simple,body,MT,0.6666666666666666
jopt-simple,name,MT,0.6666666666666666
jopt-simple,body,MT,0.75
jopt-simple,body,MT,1.0
jopt-simple,body,MT,1.0
jopt-simple,body,MT,0.75
jopt-simple,name,MT,0.6666666666666666
jopt-simple,body,MT,0.6666666666666666
jopt-simple,body,MT,0.75
jopt-simple,body,MT,1.0
jopt-simple,body,MT,1.0
jopt-simple,body,MT,0.6666666666666666
jopt-simple,name,MT,0.6666666666666666
jopt-simple,body,CR,0.6666666666666666
jopt-simple,body,MT,0.6666666666666666
jopt-simple,name,MT,0.6666666666666666
threadly,name,MT,1.0
threadly,body,MT,0.8333333333333334
threadly,name,MT,1.0
threadly,body,MT,0.8333333333333334
threadly,name,MT,1.0
threadly,name,MT,1.0
threadly,body,MT,0.75
threadly,body,MT,0.75
threadly,name,MT,0.6666666666666666
threadly,name,MT,0.6666666666666666
threadly,body,MT,0.6666666666666666
threadly,name,MT,0.6666666666666666
threadly,name,MT,0.6666666666666666
threadly,name,MT,0.6666666666666666
threadly,name,MT,1.0
threadly,body,MT,0.8333333333333334
threadly,name,MT,1.0
threadly,body,MT,0.8333333333333334
threadly,body,MT,0.8333333333333334
threadly,name,MT,1.0
threadly,body,MT,0.8333333333333334
threadly,name,MT,1.0
threadly,body,MT,0.8333333333333334
commons-math4,body,MT,0.8571428571428571
commons-math4,body,ER,0.6428571428571429
commons-math4,name,MT,0.5714285714285714
commons-math4,body,MT,0.8571428571428571
commons-math4,body,MT,0.6428571428571429
commons-math4,body,MT,0.6666666666666666
commons-math4,body,MT,0.6666666666666666
commons-math4,name,MT,0.6666666666666666
commons-math4,name,MT,0.6666666666666666
commons-math4,body,MT,0.6
commons-math4,name,MT,0.75
commons-math4,name,MT,0.75
commons-math4,body,MT,0.75
commons-math4,body,CR,0.95
commons-math4,body,MT,0.6
commons-math4,name,CR,0.6666666666666666
commons-math4,name,MT,0.5714285714285714
commons-math4,body,CR,0.6428571428571429
commons-math4,name,MT,0.7142857142857143
commons-math4,name,MT,0.6666666666666666
commons-math4,name,MT,0.6666666666666666
commons-math4,name,MT,0.75
commons-math4,body,MT,0.75
commons-math4,body,MT,0.6
commons-math4,name,MT,0.8571428571428571
commons-math4,name,MT,0.75
commons-math4,body,MT,0.6666666666666666
commons-math4,body,MT,0.6666666666666666
commons-math4,name,MT,0.6666666666666666
commons-math4,name,MT,0.6666666666666666
commons-math4,name,MT,1.0
commons-math4,name,MT,0.6666666666666666
commons-math4,name,MT,0.6666666666666666
commons-math4,name,MT,0.6666666666666666
commons-math4,name,CR,0.6666666666666666
commons-math4,name,MT,0.6666666666666666
commons-math4,name,MT,0.6666666666666666
commons-math4,body,MT,0.6
commons-math4,name,MT,0.6666666666666666
commons-math4,body,ER,0.6666666666666666
commons-math4,body,MT,0.7142857142857143
commons-math4,body,MT,0.6428571428571429
commons-math4,name,MT,0.5714285714285714
commons-math4,body,MT,0.75
commons-math4,name,MT,1.0
commons-math4,name,MT,0.75
commons-math4,name,MT,0.6666666666666666
commons-math4,body,MT,0.6666666666666666
commons-math4,body,MT,0.6428571428571429
commons-math4,body,MT,0.7142857142857143
commons-math4,name,MT,0.5714285714285714
commons-math4,name,MT,0.75
commons-math4,name,CR,0.6666666666666666
commons-math4,name,MT,0.6666666666666666
commons-math4,body,MT,0.6666666666666666
commons-math4,name,MT,0.5714285714285714
commons-math4,body,MT,0.6428571428571429
commons-math4,body,MT,0.6
commons-math4,name,MT,1.0
commons-math4,body,MT,0.6666666666666666
commons-math4,body,MT,1.0
commons-math4,body,MT,1.0
commons-math4,name,MT,1.0
commons-math4,name,MT,0.6666666666666666
commons-math4,name,ER,0.6666666666666666
commons-math4,name,MT,1.0
commons-math4,name,MT,1.0
commons-math4,name,MT,0.6666666666666666
commons-math4,name,MT,0.6666666666666666
commons-math4,name,ER,0.6666666666666666
commons-math4,name,MT,0.6666666666666666
commons-math4,name,MT,0.6666666666666666
commons-math4,name,MT,1.0
commons-math4,name,MT,1.0
commons-math4,body,MT,1.0
commons-math4,body,MT,0.6
commons-math4,name,MT,0.6666666666666666
commons-math4,body,MT,0.6428571428571429
commons-math4,body,MT,0.8571428571428571
commons-math4,name,MT,0.5714285714285714
commons-math4,body,MT,0.7419354838709677
commons-math4,body,CR,0.967741935483871
commons-math4,body,CR,0.6428571428571429
commons-math4,name,MT,0.5714285714285714
commons-math4,body,MT,0.6666666666666666
commons-math4,body,MT,0.6666666666666666
commons-math4,body,MT,0.6666666666666666
commons-math4,body,MT,0.6666666666666666
commons-math4,name,MT,0.6666666666666666
commons-math4,name,MT,1.0
commons-math4,name,MT,0.6666666666666666
commons-math4,name,MT,0.6666666666666666
commons-math4,name,MT,0.6666666666666666
commons-math4,body,MT,0.8571428571428571
commons-math4,name,MT,0.8571428571428571
commons-math4,body,MT,0.6
commons-math4,name,MT,1.0
commons-math4,body,MT,1.0
commons-math4,name,MT,1.0
commons-math4,body,MT,1.0
commons-math4,body,MT,0.6666666666666666
commons-math4,name,ER,0.6666666666666666
commons-math4,name,ER,0.6666666666666666
commons-math4,name,MT,0.6666666666666666
commons-math4,name,MT,0.6666666666666666
commons-math4,name,ER,0.6666666666666666
commons-math4,name,ER,0.6666666666666666
commons-math4,name,ER,1.0
commons-math4,name,ER,1.0
commons-math4,name,MT,1.0
commons-math4,body,MT,0.6666666666666666
commons-math4,body,MT,1.0
commons-math4,name,MT,1.0
commons-math4,name,MT,1.0
commons-math4,name,MT,0.8571428571428571
commons-math4,name,MT,0.8571428571428571
commons-math4,body,MT,0.8571428571428571
commons-math4,name,MT,0.6666666666666666
commons-math4,body,MT,1.0
commons-math4,body,MT,1.0
commons-math4,name,MT,0.6666666666666666
commons-math4,name,MT,1.0
commons-math4,body,MT,1.0
commons-math4,body,MT,0.6666666666666666
commons-math4,body,MT,0.75
commons-math4,name,MT,0.75
commons-math4,name,MT,0.75
commons-math4,body,MT,0.7419354838709677
commons-math4,body,MT,1.0
commons-math4,name,MT,0.6666666666666666
commons-math4,name,MT,1.0
commons-math4,name,MT,0.6666666666666666
commons-math4,name,MT,0.6666666666666666
commons-math4,name,MT,0.6666666666666666
commons-math4,body,MT,0.6666666666666666
commons-math4,body,MT,0.6666666666666666
commons-math4,body,MT,0.6666666666666666
commons-math4,body,MT,0.6666666666666666
commons-math4,name,MT,0.6666666666666666
commons-math4,name,MT,0.6666666666666666
commons-math4,name,MT,1.0
commons-math4,name,MT,0.6666666666666666
commons-math4,body,MT,0.6666666666666666
commons-math4,body,MT,0.6666666666666666
commons-math4,body,MT,0.6666666666666666
commons-math4,body,MT,0.6666666666666666
commons-math4,name,ER,1.0
commons-math4,name,ER,1.0
commons-math4,name,MT,1.0
commons-math4,name,ER,0.6666666666666666
commons-math4,name,ER,0.6666666666666666
commons-math4,name,ER,0.6666666666666666
commons-math4,name,ER,0.6666666666666666
commons-math4,name,MT,0.6666666666666666
commons-math4,name,MT,0.6666666666666666
commons-math4,body,MT,1.0
commons-math4,name,CR,0.6666666666666666
commons-math4,name,ER,0.75
commons-math4,body,ER,0.75
commons-math4,name,MT,1.0
commons-math4,body,MT,1.0
commons-math4,body,MT,0.6666666666666666
commons-math4,body,MT,0.6
commons-math4,name,CR,0.6666666666666666
commons-math4,name,MT,0.6666666666666666
commons-math4,body,MT,0.7419354838709677
commons-math4,name,MT,0.6666666666666666
commons-math4,body,MT,0.6666666666666666
commons-math4,name,CR,0.6666666666666666
commons-math4,body,ER,0.6428571428571429
commons-math4,body,ER,0.7142857142857143
commons-math4,name,MT,1.0
commons-math4,body,MT,0.6666666666666666
commons-math4,body,MT,1.0
commons-math4,body,MT,0.6666666666666666
commons-math4,body,MT,0.6
commons-math4,name,MT,0.6666666666666666
commons-math4,name,MT,1.0
commons-math4,name,MT,0.6666666666666666
commons-math4,body,MT,0.6666666666666666
commons-math4,body,MT,0.6666666666666666
commons-math4,body,MT,0.6
commons-math4,body,CR,0.7419354838709677
commons-math4,body,MT,0.6666666666666666
commons-math4,body,MT,0.6666666666666666
commons-math4,name,MT,0.6666666666666666
commons-math4,name,MT,0.6666666666666666
commons-math4,name,MT,1.0
commons-math4,name,MT,0.5714285714285714
commons-math4,body,MT,0.7142857142857143
commons-math4,body,MT,0.6428571428571429
commons-math4,body,MT,0.95
commons-math4,body,MT,0.6
commons-math4,name,ER,0.6666666666666666
commons-math4,name,ER,0.6666666666666666
commons-math4,name,MT,0.6666666666666666
commons-math4,name,ER,1.0
commons-math4,name,ER,1.0
commons-math4,name,MT,1.0
commons-math4,name,ER,0.6666666666666666
commons-math4,name,ER,0.6666666666666666
commons-math4,name,MT,0.6666666666666666
commons-math4,name,MT,1.0
commons-math4,name,MT,0.6666666666666666
commons-math4,name,MT,0.6666666666666666
commons-math4,name,MT,0.6666666666666666
commons-math4,name,MT,0.6666666666666666
commons-math4,name,MT,0.6666666666666666
commons-math4,name,MT,0.6666666666666666
commons-math4,name,MT,0.6
commons-math4,body,MT,0.6666666666666666
commons-math4,body,MT,0.6666666666666666
commons-math4,body,MT,0.6666666666666666
commons-math4,body,MT,0.6666666666666666
commons-math4,name,MT,0.6666666666666666
commons-math4,name,MT,1.0
commons-math4,name,MT,0.6666666666666666
commons-math4,name,MT,0.6666666666666666
commons-math4,body,MT,0.6
commons-math4,body,MT,0.6
commons-math4,body,MT,0.95
commons-math4,body,MT,0.6
commons-math4,body,MT,0.6666666666666666
commons-math4,body,MT,1.0
commons-math4,name,MT,1.0
commons-math4,body,MT,1.0
commons-math4,name,MT,0.6666666666666666
commons-math4,name,MT,0.6666666666666666
commons-math4,name,MT,0.6666666666666666
commons-math4,body,MT,0.6666666666666666
commons-math4,body,MT,0.6666666666666666
commons-math4,body,MT,0.6666666666666666
commons-math4,name,MT,0.6666666666666666
commons-math4,name,MT,0.6666666666666666
commons-math4,name,MT,0.6666666666666666
commons-math4,body,MT,0.6666666666666666
commons-math4,name,MT,0.6666666666666666
commons-math4,name,MT,0.6666666666666666
commons-math4,name,MT,0.6666666666666666
commons-math4,name,MT,0.6666666666666666
commons-math4,name,CR,0.6666666666666666
commons-math4,body,MT,0.75
commons-math4,name,MT,0.75
commons-math4,name,MT,0.5714285714285714
commons-math4,body,CR,0.6428571428571429
commons-math4,body,MT,0.7142857142857143
commons-math4,name,MT,0.6666666666666666
commons-math4,name,MT,0.6666666666666666
commons-math4,name,MT,0.6666666666666666
commons-math4,body,MT,0.6666666666666666
commons-math4,body,MT,0.6666666666666666
commons-math4,body,MT,0.6666666666666666
commons-math4,body,MT,0.6666666666666666
commons-math4,name,MT,0.6666666666666666
commons-math4,name,MT,0.6666666666666666
commons-math4,name,MT,0.6666666666666666
commons-math4,name,MT,0.6666666666666666
commons-math4,name,MT,0.8571428571428571
commons-math4,body,MT,0.967741935483871
commons-math4,body,MT,0.7419354838709677
commons-math4,body,MT,0.75
commons-math4,name,MT,0.75
commons-math4,name,MT,0.6666666666666666
commons-math4,name,MT,0.6666666666666666
commons-math4,name,MT,0.6666666666666666
commons-math4,name,MT,1.0
commons-math4,body,MT,0.6666666666666666
commons-math4,body,MT,0.6666666666666666
commons-math4,body,MT,0.6666666666666666
commons-math4,body,MT,1.0
commons-math4,body,MT,1.0
commons-math4,body,MT,0.6666666666666666
commons-math4,name,MT,1.0
commons-math4,name,MT,1.0
commons-math4,name,MT,0.6666666666666666
commons-math4,name,MT,0.6666666666666666
commons-math4,body,MT,0.6666666666666666
commons-math4,body,MT,0.6666666666666666
commons-math4,body,MT,1.0
commons-math4,body,MT,0.6666666666666666
commons-math4,name,MT,1.0
commons-math4,name,MT,0.6
commons-math4,body,CR,0.7419354838709677
commons-math4,name,MT,1.0
commons-math4,name,MT,1.0
commons-math4,body,MT,0.6666666666666666
commons-math4,body,MT,0.6666666666666666
commons-math4,body,MT,0.6666666666666666
commons-math4,body,MT,0.6666666666666666
commons-math4,name,MT,0.6666666666666666
commons-math4,name,MT,0.6666666666666666
commons-math4,name,MT,0.6666666666666666
commons-math4,name,MT,1.0
commons-math4,name,CR,0.6666666666666666
commons-math4,body,ER,0.75
commons-math4,body,MT,1.0
commons-math4,body,MT,0.967741935483871
commons-math4,body,MT,0.7419354838709677
commons-math4,name,MT,0.6666666666666666
commons-math4,name,MT,0.6666666666666666
commons-math4,name,CR,0.6666666666666666
commons-math4,body,MT,1.0
commons-math4,body,MT,0.6666666666666666
commons-math4,name,MT,1.0
commons-math4,body,MT,0.8571428571428571
commons-math4,body,MT,0.6428571428571429
commons-math4,name,MT,0.5714285714285714
commons-math4,body,ER,0.6666666666666666
commons-math4,name,MT,1.0
commons-math4,name,MT,0.6666666666666666
commons-math4,name,MT,0.6666666666666666
commons-math4,name,MT,0.6666666666666666
commons-math4,name,CR,0.6666666666666666
commons-math4,body,MT,0.6
commons-math4,body,CR,0.7419354838709677
commons-math4,body,MT,1.0
commons-math4,body,MT,0.6666666666666666
commons-math4,name,MT,1.0
commons-math4,body,MT,0.95
commons-math4,body,MT,0.6
commons-math4,body,MT,0.7142857142857143
commons-math4,body,MT,0.6428571428571429
commons-math4,name,MT,0.5714285714285714
commons-math4,name,MT,0.75
commons-math4,name,MT,0.6666666666666666
commons-math4,name,MT,0.6666666666666666
commons-math4,name,MT,0.6666666666666666
commons-math4,name,MT,0.6666666666666666
commons-math4,body,MT,0.6666666666666666
commons-math4,body,MT,0.6666666666666666
commons-math4,body,MT,0.6666666666666666
commons-math4,body,MT,0.6666666666666666
commons-math4,body,MT,0.6
commons-math4,body,MT,0.6
commons-math4,name,MT,0.75
commons-math4,body,MT,0.7419354838709677
commons-math4,body,MT,1.0
commons-math4,body,MT,0.6666666666666666
commons-math4,name,MT,1.0
commons-math4,name,MT,0.6666666666666666
commons-math4,name,MT,0.6666666666666666
commons-math4,name,MT,1.0
commons-math4,name,MT,0.6666666666666666
commons-math4,body,MT,0.6666666666666666
commons-math4,body,MT,0.6666666666666666
commons-math4,body,MT,0.6666666666666666
commons-math4,body,MT,0.7419354838709677
commons-math4,body,MT,0.967741935483871
commons-math4,name,MT,0.5714285714285714
commons-math4,body,MT,0.95
commons-math4,body,MT,0.6
commons-math4,name,MT,0.75
commons-math4,name,CR,0.7142857142857143
commons-math4,name,MT,0.75
commons-math4,name,MT,0.75
commons-math4,body,MT,0.75
commons-math4,name,MT,0.75
commons-math4,name,MT,1.0
commons-math4,name,MT,0.5714285714285714
commons-math4,name,MT,0.75
commons-math4,body,MT,0.75
commons-math4,body,MT,0.967741935483871
commons-math4,body,MT,0.7419354838709677
commons-math4,body,MT,0.95
commons-math4,body,MT,0.6
commons-math4,name,MT,0.6666666666666666
commons-math4,name,MT,0.6666666666666666
commons-math4,name,MT,0.6666666666666666
commons-math4,name,MT,0.6666666666666666
commons-math4,name,MT,0.6666666666666666
commons-math4,body,MT,0.6666666666666666
commons-math4,body,MT,0.6666666666666666
commons-math4,name,MT,0.5714285714285714
commons-math4,body,MT,1.0
commons-math4,name,MT,0.5714285714285714
commons-math4,body,MT,0.6428571428571429
commons-math4,body,MT,0.7142857142857143
commons-math4,name,MT,0.6666666666666666
commons-math4,name,MT,0.6666666666666666
commons-math4,name,ER,0.6666666666666666
commons-math4,name,MT,0.6666666666666666
commons-math4,name,CR,0.6666666666666666
commons-math4,name,MT,0.6666666666666666
commons-math4,body,MT,0.8571428571428571
commons-math4,body,MT,0.6428571428571429
commons-math4,name,MT,0.5714285714285714
commons-math4,name,MT,1.0
commons-math4,body,MT,1.0
commons-math4,name,MT,0.6666666666666666
commons-math4,body,MT,0.75
commons-math4,name,MT,1.0
commons-math4,name,MT,0.75
commons-math4,body,MT,0.6666666666666666
commons-math4,body,MT,1.0
commons-math4,name,MT,1.0
commons-math4,name,MT,0.6666666666666666
commons-math4,name,MT,0.6666666666666666
commons-math4,name,MT,0.6666666666666666
commons-math4,name,MT,0.6666666666666666
commons-math4,name,MT,0.5714285714285714
commons-math4,body,MT,0.6428571428571429
commons-math4,body,MT,0.95
commons-math4,body,MT,0.6
commons-math4,name,CR,0.6666666666666666
commons-math4,name,MT,1.0
commons-math4,name,MT,0.75
commons-math4,body,MT,0.75
commons-math4,body,MT,1.0
commons-math4,body,MT,0.75
commons-math4,name,MT,1.0
commons-math4,body,MT,1.0
commons-math4,name,MT,1.0
commons-math4,body,MT,0.6666666666666666
commons-math4,body,MT,1.0
commons-math4,body,MT,0.7419354838709677
commons-math4,name,MT,0.5714285714285714
commons-math4,name,MT,0.6666666666666666
commons-math4,body,MT,0.6666666666666666
commons-math4,name,MT,0.6666666666666666
commons-math4,name,ER,0.6666666666666666
commons-math4,name,MT,0.6666666666666666
commons-math4,name,CR,0.6666666666666666
commons-math4,name,ER,0.6666666666666666
commons-math4,name,MT,0.6666666666666666
commons-collections4,name,MT,0.6666666666666666
commons-collections4,name,MT,0.6
commons-collections4,body,MT,0.6
commons-collections4,name,MT,0.6666666666666666
commons-collections4,name,MT,0.6666666666666666
commons-collections4,name,MT,0.6666666666666666
commons-collections4,name,ER,0.75
commons-collections4,name,MT,0.6666666666666666
commons-collections4,name,MT,0.75
commons-collections4,name,MT,0.6666666666666666
commons-collections4,name,MT,0.6666666666666666
commons-collections4,name,MT,0.6666666666666666
commons-collections4,name,MT,0.75
commons-collections4,name,MT,1.0
commons-collections4,body,MT,0.6
commons-collections4,name,MT,0.6
commons-collections4,name,MT,1.0
commons-collections4,name,MT,0.6666666666666666
commons-collections4,name,MT,0.6666666666666666
commons-collections4,name,MT,0.6666666666666666
commons-collections4,name,MT,0.6666666666666666
commons-collections4,name,ER,0.75
commons-collections4,name,MT,0.75
commons-collections4,name,MT,0.6666666666666666
commons-collections4,name,MT,0.6666666666666666
commons-collections4,name,MT,1.0
commons-collections4,name,MT,1.0
commons-collections4,body,MT,0.5714285714285714
commons-collections4,body,MT,0.5714285714285714
commons-collections4,name,ER,0.75
commons-collections4,name,MT,0.6666666666666666
commons-collections4,body,MT,0.5714285714285714
commons-collections4,body,MT,0.5714285714285714
commons-collections4,name,MT,0.6666666666666666
commons-collections4,name,MT,0.6666666666666666
commons-collections4,name,MT,0.6666666666666666
commons-collections4,name,MT,0.6666666666666666
commons-collections4,name,MT,0.6666666666666666
commons-collections4,body,MT,0.5714285714285714
commons-collections4,body,MT,0.5714285714285714
commons-collections4,name,ER,0.75
commons-collections4,name,MT,0.6666666666666666
commons-collections4,name,MT,1.0
commons-collections4,name,MT,0.6
commons-collections4,body,MT,0.6
commons-collections4,name,MT,0.75
commons-collections4,name,MT,0.6666666666666666
commons-collections4,name,MT,0.6666666666666666
commons-collections4,name,MT,0.6666666666666666
commons-collections4,body,MT,0.6
commons-collections4,name,MT,0.6
commons-collections4,name,MT,0.75
commons-collections4,body,MT,0.6
commons-collections4,name,MT,0.6
commons-collections4,name,MT,0.6666666666666666
commons-collections4,body,MT,0.6
commons-collections4,name,MT,0.6
commons-collections4,name,MT,0.75
commons-collections4,name,MT,1.0
commons-collections4,name,MT,0.6666666666666666
commons-collections4,body,MT,0.5714285714285714
commons-collections4,name,MT,0.6666666666666666
commons-collections4,name,MT,1.0
commons-collections4,name,MT,1.0
commons-collections4,body,MT,0.5714285714285714
commons-collections4,name,MT,0.75
commons-collections4,name,MT,0.6666666666666666
commons-collections4,name,MT,0.6666666666666666
commons-collections4,name,MT,0.75
commons-collections4,name,MT,0.6666666666666666
commons-collections4,name,MT,0.6666666666666666
commons-collections4,name,MT,0.6666666666666666
commons-collections4,body,MT,0.6
commons-collections4,name,MT,0.6
commons-collections4,name,MT,0.6666666666666666
commons-collections4,body,MT,1.0
commons-collections4,name,MT,1.0
commons-collections4,name,MT,1.0
commons-collections4,body,MT,1.0
commons-collections4,name,MT,0.6666666666666666
commons-collections4,name,MT,0.6666666666666666
commons-collections4,name,ER,0.75
commons-collections4,name,MT,0.6666666666666666
tablesaw-core,name,CR,0.6666666666666666
tablesaw-core,body,CR,0.6666666666666666
tablesaw-core,name,MT,0.6666666666666666
tablesaw-core,body,MT,0.6666666666666666
tablesaw-core,name,MT,0.6666666666666666
tablesaw-core,name,MT,0.6666666666666666
tablesaw-core,name,ER,0.6666666666666666
tablesaw-core,name,MT,0.6666666666666666
tablesaw-core,name,MT,0.6666666666666666
tablesaw-core,name,MT,0.6666666666666666
tablesaw-core,name,ER,0.6666666666666666
tablesaw-core,name,MT,0.6666666666666666
tablesaw-core,body,ER,0.6666666666666666
tablesaw-core,body,MT,0.6666666666666666
tablesaw-core,body,ER,0.6666666666666666
tablesaw-core,body,MT,0.6666666666666666
tablesaw-core,body,MT,0.6666666666666666
tablesaw-core,body,MT,0.6666666666666666
tablesaw-core,body,MT,0.6666666666666666
tablesaw-core,body,MT,0.6666666666666666
tablesaw-core,body,MT,0.6666666666666666
tablesaw-core,name,MT,0.6363636363636364
tablesaw-core,name,MT,0.6363636363636364
tablesaw-core,name,MT,0.8
tablesaw-core,body,MT,0.6666666666666666
tablesaw-core,name,MT,1.0
tablesaw-core,name,MT,0.875
tablesaw-core,name,MT,0.6666666666666666
tablesaw-core,name,MT,0.6666666666666666
tablesaw-core,name,CR,0.875
tablesaw-core,name,MT,0.8
tablesaw-core,body,MT,0.6666666666666666
tablesaw-core,name,MT,0.6666666666666666
tablesaw-core,name,ER,0.6666666666666666
tablesaw-core,name,MT,0.6666666666666666
tablesaw-core,name,MT,0.6666666666666666
tablesaw-core,name,MT,0.6666666666666666
tablesaw-core,name,MT,0.6666666666666666
tablesaw-core,name,MT,0.6666666666666666
tablesaw-core,name,MT,0.6666666666666666
tablesaw-core,name,ER,0.6666666666666666
tablesaw-core,body,MT,0.6666666666666666
tablesaw-core,body,MT,0.6666666666666666
tablesaw-core,body,MT,0.6666666666666666
tablesaw-core,body,MT,0.6666666666666666
tablesaw-core,body,ER,0.6666666666666666
tablesaw-core,body,MT,0.6666666666666666
tablesaw-core,body,ER,0.6666666666666666
tablesaw-core,body,MT,0.6666666666666666
tablesaw-core,body,MT,0.6666666666666666
tablesaw-core,name,MT,0.5714285714285714
tablesaw-core,name,MT,0.7142857142857143
tablesaw-core,name,CR,0.7142857142857143
tablesaw-core,name,MT,0.6666666666666666
tablesaw-core,name,MT,0.6666666666666666
tablesaw-core,name,MT,0.6666666666666666
tablesaw-core,body,MT,0.6666666666666666
tablesaw-core,name,MT,0.6666666666666666
tablesaw-core,body,MT,0.6666666666666666
tablesaw-core,name,MT,0.7142857142857143
tablesaw-core,name,MT,0.5714285714285714
tablesaw-core,name,MT,0.7142857142857143
tablesaw-core,name,MT,0.6666666666666666
tablesaw-core,name,MT,0.6666666666666666
tablesaw-core,name,MT,0.8
tablesaw-core,name,MT,0.6666666666666666
tablesaw-core,body,MT,0.6666666666666666
tablesaw-core,name,MT,1.0
tablesaw-core,name,MT,0.6666666666666666
tablesaw-core,name,MT,0.6666666666666666
tablesaw-core,name,MT,0.6666666666666666
tablesaw-core,body,MT,0.6666666666666666
tablesaw-core,name,MT,0.6363636363636364
tablesaw-core,name,MT,0.5714285714285714
tablesaw-core,name,MT,0.6666666666666666
tablesaw-core,name,MT,0.6666666666666666
tablesaw-core,name,CR,0.9166666666666666
tablesaw-core,body,ER,0.6666666666666666
tablesaw-core,body,MT,0.6666666666666666
tablesaw-core,body,MT,0.6666666666666666
tablesaw-core,body,MT,0.6666666666666666
tablesaw-core,body,MT,0.6666666666666666
tablesaw-core,body,ER,0.6666666666666666
tablesaw-core,body,MT,0.6666666666666666
tablesaw-core,body,MT,0.6666666666666666
tablesaw-core,body,MT,0.6666666666666666
tablesaw-core,name,MT,0.6666666666666666
tablesaw-core,name,ER,0.6666666666666666
tablesaw-core,name,MT,0.6666666666666666
tablesaw-core,name,MT,0.6666666666666666
tablesaw-core,name,ER,0.6666666666666666
tablesaw-core,name,MT,0.6666666666666666
tablesaw-core,name,MT,0.6666666666666666
tablesaw-core,name,MT,0.6666666666666666
tablesaw-core,name,CR,0.8
tablesaw-core,name,MT,0.8
tablesaw-core,body,MT,0.6666666666666666
tablesaw-core,name,MT,0.6666666666666666
tablesaw-core,name,MT,0.5714285714285714
tablesaw-core,name,MT,0.7142857142857143
tablesaw-core,name,MT,0.7142857142857143
tablesaw-core,name,MT,0.7142857142857143
tablesaw-core,name,MT,0.7142857142857143
tablesaw-core,name,MT,0.5714285714285714
tablesaw-core,name,MT,0.6666666666666666
tablesaw-core,body,MT,0.6666666666666666
tablesaw-core,body,MT,0.6666666666666666
tablesaw-core,body,MT,0.6666666666666666
tablesaw-core,body,MT,0.6666666666666666
tablesaw-core,body,MT,0.6666666666666666
tablesaw-core,body,ER,0.6666666666666666
tablesaw-core,body,MT,0.6666666666666666
tablesaw-core,body,MT,0.6666666666666666
tablesaw-core,body,ER,0.6666666666666666
tablesaw-core,body,MT,0.6666666666666666
tablesaw-core,name,ER,0.6666666666666666
tablesaw-core,name,MT,0.6666666666666666
tablesaw-core,name,MT,0.6666666666666666
tablesaw-core,name,MT,0.6666666666666666
tablesaw-core,name,MT,0.6666666666666666
tablesaw-core,name,MT,0.6666666666666666
tablesaw-core,name,ER,0.6666666666666666
tablesaw-core,name,MT,0.6666666666666666
tablesaw-core,name,MT,0.6666666666666666
tablesaw-core,name,MT,0.6666666666666666
tablesaw-core,body,MT,0.6666666666666666
tablesaw-core,body,MT,0.6666666666666666
tablesaw-core,body,MT,0.6666666666666666
tablesaw-core,body,ER,0.6666666666666666
tablesaw-core,body,MT,0.6666666666666666
tablesaw-core,body,MT,0.6666666666666666
tablesaw-core,body,MT,0.6666666666666666
tablesaw-core,body,ER,0.6666666666666666
tablesaw-core,body,MT,0.6666666666666666
tablesaw-core,body,MT,0.6666666666666666
tablesaw-core,name,MT,0.6666666666666666
tablesaw-core,name,MT,0.6666666666666666
tablesaw-core,name,MT,0.6666666666666666
tablesaw-core,name,MT,0.6666666666666666
tablesaw-core,name,ER,0.6666666666666666
tablesaw-core,name,MT,0.6666666666666666
tablesaw-core,name,ER,0.6666666666666666
tablesaw-core,name,MT,0.6666666666666666
tablesaw-core,name,MT,0.7142857142857143
tablesaw-core,name,MT,0.7142857142857143
tablesaw-core,name,MT,0.5714285714285714
tablesaw-core,name,MT,0.6363636363636364
tablesaw-core,body,CR,0.6666666666666666
tablesaw-core,name,CR,0.6666666666666666
tablesaw-core,name,MT,0.875
tablesaw-core,name,MT,0.8
tablesaw-core,name,CR,0.6363636363636364
tablesaw-core,body,MT,0.6666666666666666
tablesaw-core,body,MT,0.6666666666666666
tablesaw-core,name,MT,0.6666666666666666
tablesaw-core,name,MT,1.0
tablesaw-core,name,MT,0.6666666666666666
tablesaw-core,name,MT,0.6666666666666666
tablesaw-core,name,MT,1.0
tablesaw-core,name,MT,0.6363636363636364
tablesaw-core,name,MT,0.6363636363636364
tablesaw-core,name,MT,0.6363636363636364
tablesaw-core,name,MT,0.6666666666666666
tablesaw-core,name,MT,0.6666666666666666
tablesaw-core,name,MT,0.6666666666666666
tablesaw-core,name,MT,0.6666666666666666
tablesaw-core,name,MT,0.6666666666666666
tablesaw-core,name,MT,0.6666666666666666
tablesaw-core,body,MT,0.6666666666666666
tablesaw-core,name,MT,0.6363636363636364
tablesaw-core,name,MT,0.5714285714285714
tablesaw-core,name,MT,0.7142857142857143
tablesaw-core,name,MT,0.7142857142857143
tablesaw-core,body,MT,0.6666666666666666
tablesaw-core,body,ER,0.6666666666666666
tablesaw-core,body,MT,0.6666666666666666
tablesaw-core,body,MT,0.6666666666666666
tablesaw-core,body,ER,0.6666666666666666
tablesaw-core,body,MT,0.6666666666666666
tablesaw-core,body,MT,0.6666666666666666
tablesaw-core,body,MT,0.6666666666666666
tablesaw-core,body,MT,0.6666666666666666
tablesaw-core,name,MT,0.6666666666666666
tablesaw-core,name,MT,0.6666666666666666
tablesaw-core,name,MT,0.6666666666666666
tablesaw-core,name,MT,0.6666666666666666
tablesaw-core,name,ER,0.6666666666666666
tablesaw-core,name,ER,0.6666666666666666
tablesaw-core,name,MT,0.6666666666666666
tablesaw-core,name,MT,0.6666666666666666
tablesaw-core,name,MT,0.6666666666666666
tablesaw-core,name,MT,0.6666666666666666
tablesaw-core,name,MT,0.6666666666666666
tablesaw-core,body,MT,0.6666666666666666
tablesaw-core,name,MT,0.6666666666666666
tablesaw-core,body,MT,0.6666666666666666
tablesaw-core,name,MT,0.6363636363636364
tablesaw-core,name,MT,0.875
tablesaw-core,name,MT,0.6666666666666666
tablesaw-core,name,MT,1.0
tablesaw-core,body,MT,0.6666666666666666
tablesaw-core,name,MT,0.8
tablesaw-core,name,MT,0.7142857142857143
tablesaw-core,name,MT,0.7142857142857143
tablesaw-core,name,MT,0.5714285714285714
tablesaw-core,name,MT,0.875
tablesaw-core,name,MT,1.0
tablesaw-core,name,MT,0.6666666666666666
tablesaw-core,name,MT,0.8
